rank,stadium,capacity,region,country,city,images,home,location
1,Rungrado 1st of May Stadium,114000,East Asia,North Korea,Pyongyang,https://upload.wikimedia.org/wikipedia/commons/thumb/8/81/Arirang_Mass_Games_12.JPG/150px-Arirang_Mass_Games_12.JPG,"Korea DPR national football team, Korea DPR women's national football team, April 25","['39.0496732', '125.77532151186813']"
2,Michigan Stadium,107601,North America,United States,"Ann Arbor, Michigan",https://upload.wikimedia.org/wikipedia/commons/thumb/e/ed/Real_Madrid_vs._Machester_United_August_2nd%2C_2014.jpg/150px-Real_Madrid_vs._Machester_United_August_2nd%2C_2014.jpg,Michigan Wolverines football,"['42.2658652', '-83.74868376764053']"
3,Ohio Stadium,102780,North America,United States,"Columbus, Ohio",https://upload.wikimedia.org/wikipedia/commons/thumb/f/fc/Panoramic_view_of_Ohio_Stadium.jpg/150px-Panoramic_view_of_Ohio_Stadium.jpg,Ohio State Buckeyes football,"['40.00164575', '-83.01973744224524']"
4,Melbourne Cricket Ground,100024,Oceania,Australia,"Melbourne, Victoria",https://upload.wikimedia.org/wikipedia/commons/thumb/b/b4/MCG_Panorama_24_July_2015.jpg/150px-MCG_Panorama_24_July_2015.jpg,"Australia national cricket team, Victoria cricket team, Melbourne Cricket Club, Melbourne Stars, Melbourne FC, Richmond FC, Collingwood FC, Hawthorn FC","['-37.819908999999996', '144.98322500667754']"
5,Spotify Camp Nou,99354,Europe,Spain,"Barcelona, Catalonia",https://upload.wikimedia.org/wikipedia/commons/thumb/0/0e/Camp_Nou_Experience_%28_Ank_Kumar%2C_INFOSYS_Limited_%29_07.jpg/150px-Camp_Nou_Experience_%28_Ank_Kumar%2C_INFOSYS_Limited_%29_07.jpg,FC Barcelona,"['41.38089905', '2.122922500751749']"
6,Estadio Azteca,95500,North America,Mexico,Mexico City,https://upload.wikimedia.org/wikipedia/commons/thumb/c/ca/Panor%C3%A1mica_esquina_noreste.jpg/150px-Panor%C3%A1mica_esquina_noreste.jpg,"Club América, Cruz Azul, Mexico national football team","['19.302979399999998', '-99.1504699525862']"
7,FNB Stadium,94736,Africa,South Africa,"Johannesburg, Gauteng",https://upload.wikimedia.org/wikipedia/commons/thumb/c/c0/First_game_of_the_2010_FIFA_World_Cup%2C_South_Africa_vs_Mexico.jpg/150px-First_game_of_the_2010_FIFA_World_Cup%2C_South_Africa_vs_Mexico.jpg,"South Africa national football team, Kaizer Chiefs","['-26.234706250000002', '27.98264390042038']"
8,New Administrative Capital Stadium,93940,Africa,Egypt,New Administrative Capital,https://upload.wikimedia.org/wikipedia/commons/thumb/e/e0/The_New_administrative_stadium_of_Egypt.jpg/150px-The_New_administrative_stadium_of_Egypt.jpg,Egypt national football team,"['29.892173800000002', '31.673226988093376']"
9,Rose Bowl Stadium,92800,North America,United States,"Pasadena, California",https://upload.wikimedia.org/wikipedia/commons/thumb/d/d2/Rose_Bowl%2C_panorama.jpg/150px-Rose_Bowl%2C_panorama.jpg,UCLA Bruins,"['34.16134915000001', '-118.16766739828785']"
10,Cotton Bowl Stadium,92100,North America,United States,"Dallas, Texas",https://upload.wikimedia.org/wikipedia/commons/thumb/5/52/2019_State_Fair_Classic_01_%28Cotton_Bowl%29.jpg/150px-2019_State_Fair_Classic_01_%28Cotton_Bowl%29.jpg,,"['32.77961185', '-96.7596025290281']"
11,Wembley Stadium,90000,Europe,England,"London, England",https://upload.wikimedia.org/wikipedia/commons/thumb/b/bb/Post_L2_Play-Off_Final.jpg/150px-Post_L2_Play-Off_Final.jpg,England national football team,"['51.55606945', '-0.27960339379401444']"
12,Lusail Stadium,88966,West Asia,Qatar,Lusail,https://upload.wikimedia.org/wikipedia/en/thumb/a/a3/Lusail_Stadium.jpg/150px-Lusail_Stadium.jpg,Qatar national football team,"['25.420906199999997', '51.490478353780674']"
13,Bukit Jalil National Stadium,87411,Southeast Asia,Malaysia,Kuala Lumpur,https://upload.wikimedia.org/wikipedia/commons/thumb/a/a1/National_Stadium_Bukit_Jalil_2018_AFF_Suzuki_Cup_final.png/150px-National_Stadium_Bukit_Jalil_2018_AFF_Suzuki_Cup_final.png,Malaysia national football team,"['3.0546755', '101.69136903264581']"
14,Borg el-Arab Stadium,86000,Africa,Egypt,Alexandria,https://upload.wikimedia.org/wikipedia/commons/thumb/1/1a/Borg_el_arab_stadium.jpg/150px-Borg_el_arab_stadium.jpg,"Egypt national football team, Al Ittihad, Smouha","['30.999469599999998', '29.729432153566332']"
15,Estadio Santiago Bernabéu,85000,Europe,Spain,Madrid,https://upload.wikimedia.org/wikipedia/commons/thumb/1/19/Bernab%C3%A9u_despu%C3%A9s_de_la_reforma.jpg/150px-Bernab%C3%A9u_despu%C3%A9s_de_la_reforma.jpg,Real Madrid,"['40.4530225', '-3.6874219587470445']"
16,Estadio Mâs Monumental,84567,South America,Argentina,Buenos Aires,https://upload.wikimedia.org/wikipedia/commons/thumb/c/c8/Estadio_Monumental.jpg/150px-Estadio_Monumental.jpg,"Argentina national football team, River Plate","['-34.5448529', '-58.4486659']"
17,Stadium Australia,83500,Oceania,Australia,"Sydney, New South Wales",https://upload.wikimedia.org/wikipedia/commons/thumb/f/f7/State_of_Origin_Game_II_2018.jpg/150px-State_of_Origin_Game_II_2018.jpg,"South Sydney Rabbitohs, Canterbury-Bankstown Bulldogs, New South Wales Blues, New South Wales Waratahs, Australia men's national soccer team, Australia national rugby union team","['-33.8471082', '151.06338484469373']"
18,MetLife Stadium,82500,North America,United States,"East Rutherford, New Jersey",https://upload.wikimedia.org/wikipedia/commons/thumb/5/54/Copa_America_game_between_Columbia_vs_Peru_at_the_MetLife_Stadium.jpg/150px-Copa_America_game_between_Columbia_vs_Peru_at_the_MetLife_Stadium.jpg,"New York Giants, New York Jets, United States men's national soccer team","['40.81352375', '-74.07340074891175']"
19,Croke Park,82300,Europe,Ireland,Dublin,https://upload.wikimedia.org/wikipedia/commons/thumb/9/91/Croke_park_all_ireland.jpg/150px-Croke_park_all_ireland.jpg,"Gaelic Athletic Association, Dublin GAA","['53.36035755', '-6.2509811826224695']"
20,Jakarta International Stadium,82000,Southeast Asia,Indonesia,Jakarta,https://upload.wikimedia.org/wikipedia/commons/thumb/3/38/Jakarta_International_Stadium_from_Toll_road.jpg/150px-Jakarta_International_Stadium_from_Toll_road.jpg,"Persija Jakarta, Indonesia national football team","['-6.12507475', '106.86020095899971']"
21,Lambeau Field,81441,North America,United States,"Green Bay, Wisconsin",https://upload.wikimedia.org/wikipedia/commons/thumb/2/27/Lambeau_Field_bowl.jpg/150px-Lambeau_Field_bowl.jpg,Green Bay Packers,"['44.50095825', '-88.06103404376007']"
22,SIGNAL IDUNA PARK,81365,Europe,Germany,Dortmund,https://upload.wikimedia.org/wikipedia/commons/thumb/3/38/Signal_iduna_park.jpg/150px-Signal_iduna_park.jpg,Borussia Dortmund,"['51.4924922', '7.451854850900588']"
23,Stade de France,81338,Europe,France,Saint-Denis,https://upload.wikimedia.org/wikipedia/commons/thumb/5/53/StadeFranceNationsLeague2018.jpg/150px-StadeFranceNationsLeague2018.jpg,France national football team,"['48.924472550000004', '2.3601325226927248']"
24,Grand Sports Arena of the Luzhniki Olympic Complex,81000,Europe,Russia,Moscow,https://upload.wikimedia.org/wikipedia/commons/thumb/3/3c/Luzhniki_Stadium2.jpg/150px-Luzhniki_Stadium2.jpg,,"['55.7157445', '37.553767298728005']"
25,Shah Alam Stadium,80372,Southeast Asia,Malaysia,"Shah Alam, Selangor",https://upload.wikimedia.org/wikipedia/commons/thumb/9/99/Shah_Alam_Stadium_%28inside%29.jpg/150px-Shah_Alam_Stadium_%28inside%29.jpg,Selangor FA,"['3.0838218', '101.5456258304308']"
26,Estadio Monumental,80093,South America,Peru,Lima,https://upload.wikimedia.org/wikipedia/commons/thumb/f/f1/EstadioUniversitario.jpg/150px-EstadioUniversitario.jpg,Club Universitario de Deportes,"['-12.055647350000001', '-76.93533392205805']"
27,Stadio Giuseppe Meazza,80018,Europe,Italy,"Milan, Lombardy",https://upload.wikimedia.org/wikipedia/commons/thumb/a/a3/Stadio_Giuseppe_Meazza%2C_San_Siro%2C_Milan_%283326869632%29.jpg/150px-Stadio_Giuseppe_Meazza%2C_San_Siro%2C_Milan_%283326869632%29.jpg,AC Milan and Internazionale,"['45.478200349999995', '9.123963993342393']"
28,Guangdong Olympic Stadium,80012,East Asia,China,"Guangzhou, Guangdong",https://upload.wikimedia.org/wikipedia/commons/thumb/f/f7/Stade_Olympique_Guangdong.JPG/150px-Stade_Olympique_Guangdong.JPG,,"['23.13803625', '113.4034296289701']"
29,Hangzhou Olympic Sports Expo Centre Stadium,80000,East Asia,China,"Hangzhou, Zhejiang",https://upload.wikimedia.org/wikipedia/commons/thumb/4/4c/Hangzhou_Olympic_Sports_Center_Stadium2021.jpg/150px-Hangzhou_Olympic_Sports_Center_Stadium2021.jpg,,"['30.2317101', '120.2254883982873']"
30,AT&T Stadium,80000,North America,United States,"Arlington, Texas",https://upload.wikimedia.org/wikipedia/commons/thumb/5/52/Cowboys_Stadium_full_view.jpg/150px-Cowboys_Stadium_full_view.jpg,"Dallas Cowboys, FC Dallas","['47.59397', '14.12456']"
31,Stade des Martyrs,80000,Africa,DR Congo,Kinshasa,https://upload.wikimedia.org/wikipedia/commons/thumb/d/d3/Stade_des_martyrs_0332_Kinshasa_%288756673901%29.jpg/150px-Stade_des_martyrs_0332_Kinshasa_%288756673901%29.jpg,Congo DR national football team,"['-5.9280630500000004', '22.309602960470944']"
32,Stade Tata Raphaël,80000,Africa,DR Congo,Kinshasa,https://upload.wikipedia.org/wikipedia/commons/thumb/0/0a/No-image-available.png/480px-No-image-available.png,"AS Vita Club, DC Motema Pembe","['-4.3379266', '15.322629719585613']"
33,National Sports Stadium,80000,Africa,Zimbabwe,Harare,https://upload.wikipedia.org/wikipedia/commons/thumb/0/0a/No-image-available.png/480px-No-image-available.png,Zimbabwe national football team,"['-17.821414949999998', '30.99507351306328']"
34,Moi International Sports Centre,80000,Africa,Kenya,Nairobi,https://upload.wikimedia.org/wikipedia/commons/thumb/9/9c/Inside_the_Kasarani_Stadium.jpg/150px-Inside_the_Kasarani_Stadium.jpg,Kenya national football team,"['-1.2275475', '36.89018198200233']"
35,Beijing National Stadium,80000,East Asia,China,Beijing,https://upload.wikimedia.org/wikipedia/commons/thumb/5/51/Beijing_National_Stadium_2014_2.jpg/150px-Beijing_National_Stadium_2014_2.jpg,,"['40.0160281', '116.37138413391611']"
36,Stade Léopold Sédar Senghor,80000,Africa,Senegal,Dakar,https://upload.wikimedia.org/wikipedia/commons/thumb/8/8f/Senegal_1_-_Cameroon_0_-_Stade_L%C3%A9opold_S%C3%A9dar_Senghor.jpg/150px-Senegal_1_-_Cameroon_0_-_Stade_L%C3%A9opold_S%C3%A9dar_Senghor.jpg,"Senegal national football team, ASC Jeanne d'Arc","['14.74677165', '-17.451914038718378']"
37,Maracanã,78838,South America,Brazil,"Rio de Janeiro, Rio de Janeiro",https://upload.wikimedia.org/wikipedia/commons/thumb/f/fe/Bosnia_players_at_Maracan%C3%A3_15_June_2014.jpg/150px-Bosnia_players_at_Maracan%C3%A3_15_June_2014.jpg,"CR Flamengo, Fluminense FC, Botafogo FR, CR Vasco da Gama","['-22.912161949999998', '-43.23118606002972']"
38,Los Angeles Memorial Coliseum,78467,North America,United States,"Los Angeles, California",https://upload.wikimedia.org/wikipedia/commons/thumb/2/25/USC_vs_University_of_Oregon_November_2019.png/150px-USC_vs_University_of_Oregon_November_2019.png,USC Trojans,"['34.0139923', '-118.28802864848308']"
39,Azadi Stadium,78116,West Asia,Iran,Tehran,https://upload.wikimedia.org/wikipedia/commons/thumb/7/78/Azadi_Stadium_%287%29.jpg/150px-Azadi_Stadium_%287%29.jpg,"Iran national football team, Esteghlal FC, Persepolis FC","['35.7244962', '51.27554872157586']"
40,Stadion Utama Gelora Bung Karno,77193,Southeast Asia,Indonesia,Jakarta,https://upload.wikimedia.org/wikipedia/commons/thumb/2/29/Gbk_persija_arema_20190803.jpg/150px-Gbk_persija_arema_20190803.jpg,"Indonesia national football team,","['-6.21853605', '106.80263531965792']"
41,Caesar's Superdome,76468,North America,United States,"New Orleans, Louisiana",https://upload.wikimedia.org/wikipedia/commons/thumb/a/a1/The_Dome_New_Orleans_Man_Trip.jpg/150px-The_Dome_New_Orleans_Man_Trip.jpg,"New Orleans Saints, Sugar Bowl",
42,Arrowhead Stadium,76412,North America,United States,"Kansas City, Missouri",https://upload.wikimedia.org/wikipedia/commons/thumb/1/10/25_July_2010_Kansas_City_Wizards_vs_Manchester_United_friendly.jpg/150px-25_July_2010_Kansas_City_Wizards_vs_Manchester_United_friendly.jpg,Kansas City Chiefs,"['39.0751128', '-78.191289']"
43,Empower Field,76125,North America,United States,Denver,https://upload.wikimedia.org/wikipedia/commons/thumb/4/49/SAF_at_Mile_High_AFC_Championship_game_pom-poms.jpg/150px-SAF_at_Mile_High_AFC_Championship_game_pom-poms.jpg,Denver Broncos,"['39.743952', '-105.01922281236835']"
44,Atatürk Olimpiyat Stadyumu,76092,Europe,Turkey,Istanbul,https://upload.wikimedia.org/wikipedia/commons/thumb/6/68/Istanbul_Atat%C3%BCrk_Olympic_Stadium_2.jpg/150px-Istanbul_Atat%C3%BCrk_Olympic_Stadium_2.jpg,,"['41.0744732', '28.76566105174166']"
45,Old Trafford,76000,Europe,England,"Manchester, North West England",https://upload.wikimedia.org/wikipedia/commons/thumb/b/bd/Manchester_United_old_trafford_Ank_Kumar_01.jpg/150px-Manchester_United_old_trafford_Ank_Kumar_01.jpg,Manchester United,"['53.46310955', '-2.2913864850545362']"
46,Allianz Arena,75024,Europe,Germany,Munich,https://upload.wikimedia.org/wikipedia/commons/thumb/4/48/Allainz_Arena_%28Bayern_Munich%29.jpg/150px-Allainz_Arena_%28Bayern_Munich%29.jpg,FC Bayern Munich,"['48.21880845', '11.624663762591622']"
47,Naghsh-e-Jahan Stadium,75000,West Asia,Iran,Isfahan,https://upload.wikimedia.org/wikipedia/commons/thumb/4/4f/Naghsh_Jahan_Stadium.jpg/150px-Naghsh_Jahan_Stadium.jpg,Sepahan FC,"['32.742455750000005', '51.68618101216669']"
48,Bank of America Stadium,74867,North America,United States,"Charlotte, North Carolina",https://upload.wikimedia.org/wikipedia/commons/thumb/8/85/Bank_of_America_Stadium_soccer.jpg/150px-Bank_of_America_Stadium_soccer.jpg,"Charlotte FC, Carolina Panthers","['35.225737', '-80.8527666409835']"
49,Millennium Stadium,74500,Europe,Wales,Cardiff,https://upload.wikimedia.org/wikipedia/commons/thumb/e/e6/Millennium_Stadium_-_Glanmor%E2%80%99s_Gap.jpg/150px-Millennium_Stadium_-_Glanmor%E2%80%99s_Gap.jpg,Wales national football team,"['51.4782493', '-3.1836667006651895']"
50,Olympiastadion,74475,Europe,Germany,Berlin,https://upload.wikimedia.org/wikipedia/commons/thumb/5/52/Berlin_Olympiastadion_nach_Umbau.jpg/150px-Berlin_Olympiastadion_nach_Umbau.jpg,Hertha BSC,"['52.5145846', '13.239814417756278']"
51,Cairo International Stadium,74100,Africa,Egypt,Cairo,https://upload.wikimedia.org/wikipedia/commons/thumb/b/bc/Cairo_Stadium_Afcon_u23_2019.jpg/150px-Cairo_Stadium_Afcon_u23_2019.jpg,"Egypt national football team, Al Ahly, Zamalek","['30.069115099999998', '31.31220638047715']"
52,FirstEnergy Stadium,73200,North America,United States,Cleveland,https://upload.wikimedia.org/wikipedia/commons/thumb/f/f1/FirstEnergy_Stadium_panorama_2016.jpg/150px-FirstEnergy_Stadium_panorama_2016.jpg,Cleveland Browns,"['41.5060559', '-81.69971184525946']"
53,Estádio Nacional Mané Garrincha,72788,South America,Brazil,"Brasília, Distrito Federal",https://upload.wikimedia.org/wikipedia/commons/thumb/d/da/Est%C3%A1dio_Nacional_Bras%C3%ADlia.jpg/150px-Est%C3%A1dio_Nacional_Bras%C3%ADlia.jpg,"Brasília FC, Legião FC","['-15.783749799999999', '-47.8990287459102']"
54,Stadio Olimpico,72698,Europe,Italy,"Rome, Lazio",https://upload.wikimedia.org/wikipedia/commons/thumb/6/64/The_Stadio_Olimpico_during_a_match_between_AS_Roma_and_Sampdoria.jpg/150px-The_Stadio_Olimpico_during_a_match_between_AS_Roma_and_Sampdoria.jpg,"AS Roma, Lazio","['41.933942349999995', '12.454770497133222']"
55,Nissan Stadium,72327,East Asia,Japan,"Yokohama, Kanagawa",https://upload.wikimedia.org/wikipedia/commons/thumb/9/91/International_Stadium_Yokohama-1.jpg/150px-International_Stadium_Yokohama-1.jpg,"Yokohama F. Marinos, Yokohama Eagles","['35.5099882', '139.60638254387774']"
56,NRG Stadium,72220,North America,United States,"Houston, Texas",https://upload.wikimedia.org/wikipedia/commons/thumb/d/dc/The_Texans_at_Reliant_Park_1_Jan_2012.jpg/150px-The_Texans_at_Reliant_Park_1_Jan_2012.jpg,"Houston Texans, Houston Dynamo FC","['29.6848581', '-95.41080145326987']"
57,Shanghai Stadium,72000,East Asia,China,Shanghai,https://upload.wikimedia.org/wikipedia/commons/thumb/d/de/Shanghai_Stadium_2008.JPG/150px-Shanghai_Stadium_2008.JPG,Shanghai Shenhua,"['31.1832135', '121.4373206894592']"
58,M&T Bank Stadium,71008,North America,United States,Baltimore,https://upload.wikimedia.org/wikipedia/commons/thumb/9/92/M%26T_Bank_Stadium_USA_soccer.JPG/150px-M%26T_Bank_Stadium_USA_soccer.JPG,Baltimore Ravens,"['2.3293744', '102.2880962']"
59,Mercedes-Benz Stadium,71000,North America,United States,"Atlanta, Georgia",https://upload.wikimedia.org/wikipedia/commons/thumb/f/f2/Mercedes_Benz_Stadium_interior_2017-08-25_1.jpg/150px-Mercedes_Benz_Stadium_interior_2017-08-25_1.jpg,"Atlanta United FC, Atlanta Falcons","['33.7554123', '-84.40084932004368']"
60,Olympic National Sports Complex Stadium,70000,Europe,Ukraine,Kyiv,https://upload.wikimedia.org/wikipedia/commons/thumb/0/0d/Kyiv_NSC_Olimpiyskyi_5.jpg/150px-Kyiv_NSC_Olimpiyskyi_5.jpg,"Ukraine national football team, FC Dynamo Kyiv","['50.43339675', '30.52301744390926']"
61,SoFi Stadium,70000,North America,United States,"Inglewood, California",https://upload.wikimedia.org/wikipedia/commons/thumb/b/b0/SoFi_Stadium_interior_2021.jpg/150px-SoFi_Stadium_interior_2021.jpg,,"['33.95340735', '-118.33900981025587']"
62,Seoul Olympic Stadium,69950,East Asia,South Korea,Seoul,https://upload.wikimedia.org/wikipedia/commons/thumb/e/e5/%E8%9A%95%E5%AE%A4_03.jpg/150px-%E8%9A%95%E5%AE%A4_03.jpg,,"['37.51586315', '127.07278913760146']"
63,Bakı Olimpiya stadionu,69870,West Asia,Azerbaijan,Baku,https://upload.wikimedia.org/wikipedia/commons/thumb/b/b9/Chelsea_won_UEFA_Europa_League_final_at_Olympic_Stadium_and_President_Ilham_Aliyev_watched_the_final_match_16.jpg/150px-Chelsea_won_UEFA_Europa_League_final_at_Olympic_Stadium_and_President_Ilham_Aliyev_watched_the_final_match_16.jpg,Azerbaijan national football team,"['40.429982', '49.91953099830299']"
64,Olympic Stadium,69618,Europe,Greece,"Marousi, Attica",https://upload.wikimedia.org/wikipedia/en/thumb/d/d6/Olympic_Stadium_at_Athens_before_a_home_game_of_Panathinaikos_on_February_2%2C_2013.jpg/150px-Olympic_Stadium_at_Athens_before_a_home_game_of_Panathinaikos_on_February_2%2C_2013.jpg,Greece national football team,"['38.0325514', '23.7944433']"
65,Olympiastadion München,69250,Europe,Germany,Munich,https://upload.wikimedia.org/wikipedia/commons/thumb/3/35/M%C3%BCnchener_Olympiastadion.jpg/150px-M%C3%BCnchener_Olympiastadion.jpg,,"['48.1731314', '11.54647863541194']"
66,Lumen Field,69000,North America,United States,"Seattle, Washington",https://upload.wikimedia.org/wikipedia/commons/thumb/5/53/Qwest_Field_North.jpg/150px-Qwest_Field_North.jpg,"Seattle Sounders FC, Seattle Seahawks","['47.5953459', '-122.33164431196111']"
67,Estadio Olímpico Universitario,68954,North America,Mexico,Mexico City,https://upload.wikimedia.org/wikipedia/commons/thumb/f/f2/Estadio_Pumas.jpg/150px-Estadio_Pumas.jpg,UNAM Pumas,"['19.33175425', '-99.1922849721723']"
68,Gillette Stadium,68756,North America,United States,"Foxborough, Massachusetts",https://upload.wikimedia.org/wikipedia/commons/thumb/8/8c/Stadiumguillete_%28cropped%29.jpg/150px-Stadiumguillete_%28cropped%29.jpg,"New England Patriots, New England Revolution","['42.091252600000004', '-71.2644646105907']"
69,King Abdullah Sports City Stadium,68560,West Asia,Saudi Arabia,Jeddah,https://upload.wikimedia.org/wikipedia/commons/thumb/6/68/Jawhara_Stadium.jpg/150px-Jawhara_Stadium.jpg,"Saudi Arabia national football team, Al-Ahli Saudi FC, Al-Ittihad Saudi Club","['26.37904815', '43.94771723895871']"
70,Lincoln Financial Field,68532,North America,United States,Philadelphia,https://upload.wikimedia.org/wikipedia/commons/thumb/3/36/USA-Turkey-Linc.jpg/150px-USA-Turkey-Linc.jpg,"Philadelphia Eagles, Temple Owls football","['39.9009099', '-75.16748915605905']"
71,Levi's Stadium,68500,North America,United States,"Santa Clara, California",https://upload.wikimedia.org/wikipedia/commons/thumb/0/00/Entering_Levi%27s_Stadium.JPG/150px-Entering_Levi%27s_Stadium.JPG,San Francisco 49ers,"['37.403158250000004', '-121.96983144425579']"
72,Acrisure Stadium,68400,North America,United States,Pittsburgh,https://upload.wikimedia.org/wikipedia/commons/thumb/2/23/Heinz_Field_NHL_Winter_Classic.jpg/150px-Heinz_Field_NHL_Winter_Classic.jpg,"Pittsburgh Steelers, Pittsburgh Panthers football","['40.4467166', '-80.01574564331888']"
73,Gazprom Arena,68134,Europe,Russia,Saint Petersburg,https://upload.wikimedia.org/wikipedia/commons/thumb/1/1c/Fina-l2017.jpg/150px-Fina-l2017.jpg,FC Zenit Saint Petersburg,"['59.9723766', '30.221060751610707']"
74,Salt Lake Stadium,68000,South Asia,India,Kolkata,https://upload.wikimedia.org/wikipedia/commons/thumb/5/5f/Salt_Lake_Stadium_during_FIFA_U17_World_Cup_2017_....jpg/150px-Salt_Lake_Stadium_during_FIFA_U17_World_Cup_2017_....jpg,"India national football team, Mohun Bagan Super Giant, East Bengal FC, Mohammedan SC","['22.5731115', '88.4030891']"
75,National Stadium,68000,East Asia,Japan,Tokyo,https://upload.wikimedia.org/wikipedia/commons/thumb/7/7c/Drones_durante_a_abertura_das_Olimp%C3%ADadas_de_T%C3%B3quio.jpg/150px-Drones_durante_a_abertura_das_Olimp%C3%ADadas_de_T%C3%B3quio.jpg,,"['35.67785955', '139.71351420013758']"
76,TIAA Bank Field,67814,North America,United States,"Jacksonville, Florida",https://upload.wikimedia.org/wikipedia/commons/thumb/3/36/2009_Gator_Bowl.jpg/150px-2009_Gator_Bowl.jpg,Jacksonville Jaguars,"['30.32398105', '-81.63730457034035']"
77,Cívitas Metropolitano,70460,Europe,Spain,Madrid,https://upload.wikimedia.org/wikipedia/commons/thumb/0/05/Wanda-Metropolitano.jpg/150px-Wanda-Metropolitano.jpg,Atlético de Madrid,"['40.436052950000004', '-3.599715809726445']"
78,Orange Vélodrome,67394,Europe,France,Marseille,https://upload.wikimedia.org/wikipedia/commons/thumb/8/85/Stade_V%C3%A9lodrome_1.jpg/150px-Stade_V%C3%A9lodrome_1.jpg,Olympique de Marseille,"['43.26983495', '5.395911664099216']"
79,Puskás Aréna,67215,Europe,Hungary,Budapest,https://upload.wikimedia.org/wikipedia/commons/thumb/3/3a/Pusk%C3%A1s_Ar%C3%A9na_01.jpg/150px-Pusk%C3%A1s_Ar%C3%A9na_01.jpg,Hungary national football team,"['47.50310895', '19.098050892074227']"
80,Scottish Gas Murrayfield Stadium,67144,Europe,Scotland,Edinburgh,https://upload.wikimedia.org/wikipedia/commons/thumb/a/a1/Murrayfield_Stadium_-_geograph.org.uk_-_1246737.jpg/150px-Murrayfield_Stadium_-_geograph.org.uk_-_1246737.jpg,Scotland national rugby union team,"['55.9421085', '-3.241161216394731']"
81,Lucas Oil Stadium,67000,North America,United States,"Indianapolis, Indiana",https://upload.wikimedia.org/wikipedia/commons/thumb/8/89/LucasOilStadiumTheLuke.jpg/150px-LucasOilStadiumTheLuke.jpg,Indianapolis Colts,"['39.7590621', '-86.16383761053042']"
82,MorumBIS,66975,South America,Brazil,"São Paulo, São Paulo",https://upload.wikimedia.org/wikipedia/commons/thumb/1/13/Estadio_Morumbi_2014.jpg/150px-Estadio_Morumbi_2014.jpg,São Paulo FC,"['-23.60005845', '-46.720158347269496']"
83,The Dome,66965,North America,United States,St. Louis,https://upload.wikimedia.org/wikipedia/commons/thumb/b/bd/2005_NCAA_North_Carolina_v_Michigan_State.JPG/150px-2005_NCAA_North_Carolina_v_Michigan_State.JPG,St. Louis BattleHawks,"['36.275815', '-112.9001983']"
84,Yadegar-e-Emam Stadium,66833,West Asia,Iran,Tabriz,https://upload.wikimedia.org/wikipedia/commons/thumb/1/12/Yadegar_Emam_stadium_at_night_-_panoramio.jpg/150px-Yadegar_Emam_stadium_at_night_-_panoramio.jpg,Tractor Sazi FC,"['38.0738612', '46.2978789']"
85,Seoul World Cup Stadium,66704,East Asia,South Korea,Seoul,https://upload.wikimedia.org/wikipedia/commons/thumb/b/b8/AFC_Champions_League_Final_1st_leg.jpg/150px-AFC_Champions_League_Final_1st_leg.jpg,FC Seoul,"['37.5683021', '126.89724766470337']"
86,US Bank Stadium,66655,North America,United States,Minneapolis,https://upload.wikimedia.org/wikipedia/commons/thumb/6/6a/Looking_South-US_Bank_Stadium.jpg/150px-Looking_South-US_Bank_Stadium.jpg,Minnesota Vikings,"['44.97361545', '-93.25746628273055']"
87,Daegu Stadium,66422,East Asia,South Korea,Daegu,https://upload.wikimedia.org/wikipedia/commons/thumb/d/da/Daegu.Stadium.original.2167.jpg/150px-Daegu.Stadium.original.2167.jpg,Daegu FC,"['35.8297517', '128.6901254233253']"
88,Workers' Stadium,66161,East Asia,China,Beijing,https://upload.wikimedia.org/wikipedia/commons/thumb/5/58/New_Workers%27_Stadium_under_construction_%2820221025141129%29.jpg/150px-New_Workers%27_Stadium_under_construction_%2820221025141129%29.jpg,"Beijing Guoan, China national football team","['39.92951015', '116.44099518054804']"
89,London Stadium,66000,Europe,England,London,https://upload.wikimedia.org/wikipedia/commons/thumb/b/b1/London_Stadium_panorama_picture.jpg/150px-London_Stadium_panorama_picture.jpg,West Ham United,"['51.53862065', '-0.016623759002470637']"
90,Raymond James Stadium,65847,North America,United States,"Tampa, Florida",https://upload.wikimedia.org/wikipedia/commons/thumb/9/9d/RaymondJamesStadium2022.jpg/150px-RaymondJamesStadium2022.jpg,"Tampa Bay Buccaneers, South Florida Bulls football, Tampa Bay Vipers","['27.97597925', '-82.50421799673616']"
91,Hard Rock Stadium,65326,North America,United States,"Miami Gardens, Florida",https://upload.wikimedia.org/wikipedia/commons/thumb/9/99/Interior_of_updated_Hard_Rock_Stadium.jpg/150px-Interior_of_updated_Hard_Rock_Stadium.jpg,"Miami Dolphins, Miami Hurricanes football","['25.95790315', '-80.24001919530573']"
92,Olympic Stadium,65255,North America,Canada,"Montreal, Quebec",https://upload.wikimedia.org/wikipedia/commons/thumb/f/fc/Montreal_Impact_CONCACAF_FINAL.jpg/150px-Montreal_Impact_CONCACAF_FINAL.jpg,CF Montréal,"['45.55779835', '-73.55164580516643']"
93,Basra International Stadium,65227,West Asia,Iraq,Basra,https://upload.wikimedia.org/wikipedia/commons/thumb/6/62/Basra_International_Stadium_Opening_2.JPG/150px-Basra_International_Stadium_Opening_2.JPG,Iraq national football team,"['30.4399273', '47.7798634136076']"
94,Camping World Stadium,65000,North America,United States,"Orlando, Florida",https://upload.wikimedia.org/wikipedia/commons/thumb/4/4c/Citrus_Bowl%2C_Construction_progress.jpg/150px-Citrus_Bowl%2C_Construction_progress.jpg,,"['28.5390623', '-81.4027485783759']"
95,Alamodome,65000,North America,United States,San Antonio,https://upload.wikimedia.org/wikipedia/commons/thumb/0/0d/Alamodome_Conference_USA_Championship.jpg/150px-Alamodome_Conference_USA_Championship.jpg,UTSA Roadrunners football,"['29.4168923', '-98.47889487569296']"
96,Ford Field,65000,North America,United States,Detroit,https://upload.wikimedia.org/wikipedia/commons/thumb/b/b3/FordField-2008NCAAtournament-MidwestRegional.jpg/150px-FordField-2008NCAAtournament-MidwestRegional.jpg,Detroit Lions,"['42.33995675', '-83.04561657403696']"
97,Stade Ibn Battuta,65000,Africa,Morocco,Tangier,https://upload.wikimedia.org/wikipedia/commons/thumb/9/93/Stade_Ibn_Batuta%2C_Tanger.jpg/150px-Stade_Ibn_Batuta%2C_Tanger.jpg,IR Tanger,"['35.74124485', '-5.858075642406442']"
98,Estádio do Sport Lisboa e Benfica,64642,Europe,Portugal,Lisbon,https://upload.wikimedia.org/wikipedia/commons/thumb/1/1b/LuzLissabon.jpg/150px-LuzLissabon.jpg,Benfica,"['38.7526893', '-9.184689881825172']"
99,Stade du 5-juillet-1962,64000,Africa,Algeria,Algiers,https://upload.wikimedia.org/wikipedia/commons/thumb/a/a0/Stade_5_Juillet_1962.jpg/150px-Stade_5_Juillet_1962.jpg,Algeria national football team,"['36.75951425', '2.9952724128175774']"
100,Castelão,63903,South America,Brazil,"Fortaleza, Ceará",https://upload.wikimedia.org/wikipedia/commons/thumb/e/ec/Castel%C3%A3o_Arena_%285%29.jpg/150px-Castel%C3%A3o_Arena_%285%29.jpg,"Ceará SC, Fortaleza EC","['-2.54875695', '-44.260951338681295']"
101,Saitama Stadium 2002,63700,East Asia,Japan,Saitama,https://upload.wikimedia.org/wikipedia/commons/thumb/6/60/Saitama_Stadium_Panorama.jpg/150px-Saitama_Stadium_Panorama.jpg,"Urawa Red Diamonds, Saitama Wild Knights","['35.90308', '139.7168256210814']"
102,Ellis Park Stadium,62567,Africa,South Africa,"Johannesburg, Gauteng",https://upload.wikimedia.org/wikipedia/commons/thumb/b/bc/Warm-ups_at_Brazil_%26_North_Korea_match_at_FIFA_World_Cup_2010-06-15_1.jpg/150px-Warm-ups_at_Brazil_%26_North_Korea_match_at_FIFA_World_Cup_2010-06-15_1.jpg,"Orlando Pirates FC, Emirates Johannesburg Lions","['-26.197478850000003', '28.06076823792536']"
103,Tottenham Hotspur Stadium,62303,Europe,England,London,https://upload.wikimedia.org/wikipedia/commons/thumb/8/8c/Spurs_stadium_January_2020.jpg/150px-Spurs_stadium_January_2020.jpg,Tottenham Hotspur,"['51.604157', '-0.0662604100000004']"
104,VELTINS-Arena,62271,Europe,Germany,Gelsenkirchen,https://upload.wikimedia.org/wikipedia/commons/thumb/d/d2/080110_schalke_arena_germany.JPG/150px-080110_schalke_arena_germany.JPG,FC Schalke 04,"['51.55459375', '7.06760006899412']"
105,Yizhong Sports Centre Stadium,62000,East Asia,China,"Qingdao, Shandong",https://upload.wikimedia.org/wikipedia/commons/thumb/7/77/Qingdao_Guoxin_Stadium.jpg/150px-Qingdao_Guoxin_Stadium.jpg,Qingdao Jonoon FC,"['36.0637967', '120.3192081']"
106,Estádio Governador Magalhães Pinto,61846,South America,Brazil,"Belo Horizonte, Minas Gerais",https://upload.wikimedia.org/wikipedia/commons/thumb/6/69/Stadion_Belo_Horizonte_Halbfinale_WM_2014_%2822117986076%29.jpg/150px-Stadion_Belo_Horizonte_Halbfinale_WM_2014_%2822117986076%29.jpg,"Atlético Mineiro, Cruzeiro EC","['-19.865911500000003', '-43.971043404332164']"
107,King Fahd International Stadium,61781,West Asia,Saudi Arabia,Riyadh,https://upload.wikimedia.org/wikipedia/commons/thumb/2/2b/%E3%82%AD%E3%83%B3%E3%82%B0%E3%83%95%E3%82%A1%E3%83%8F%E3%83%89%E5%9B%BD%E9%9A%9B%E3%82%B9%E3%82%BF%E3%82%B8%E3%82%A2%E3%83%A0.jpg/150px-%E3%82%AD%E3%83%B3%E3%82%B0%E3%83%95%E3%82%A1%E3%83%8F%E3%83%89%E5%9B%BD%E9%9A%9B%E3%82%B9%E3%82%BF%E3%82%B8%E3%82%A2%E3%83%A0.jpg,"Saudi Arabia national football team, Al-Hilal, Al-Nassr, Al-Shabab","['24.7885806', '46.83914486009958']"
108,Soldier Field,61500,North America,United States,Chicago,https://upload.wikimedia.org/wikipedia/commons/thumb/8/8b/The_Refurbished_Soldier_Field.jpg/150px-The_Refurbished_Soldier_Field.jpg,Chicago Bears,"['41.8623356', '-87.61764770075143']"
109,Nanjing Olympic Sports Centre Stadium,61443,East Asia,China,"Nanjing, Jiangsu",https://upload.wikimedia.org/wikipedia/commons/thumb/b/b5/Nanjing_Olympic_Sports_Center_inner_view_%282016%29.jpg/150px-Nanjing_Olympic_Sports_Center_inner_view_%282016%29.jpg,,"['32.010682450000004', '118.71975425408809']"
110,Anfield,65000,Europe,England,"Liverpool, England",https://upload.wikimedia.org/wikipedia/commons/thumb/0/02/Panorama_of_Anfield_with_new_main_stand_%2829676137824%29.jpg/150px-Panorama_of_Anfield_with_new_main_stand_%2829676137824%29.jpg,Liverpool FC,"['53.430828', '-2.9608432174211456']"
111,Estadio Benito Villamarín,60720,Europe,Spain,Seville,https://upload.wikimedia.org/wikipedia/commons/thumb/6/6d/Estadio_Benito_Villamar%C3%ADn_2018001.jpg/150px-Estadio_Benito_Villamar%C3%ADn_2018001.jpg,Real Betis,"['37.356535449999996', '-5.981756556248882']"
112,Abuja Stadium,60491,Africa,Nigeria,Abuja,https://upload.wikimedia.org/wikipedia/commons/thumb/d/d2/Football_heaven.jpg/150px-Football_heaven.jpg,Nigeria national football team,"['9.0643305', '7.4892974']"
113,MHPArena,60469,Europe,Germany,Stuttgart,https://upload.wikimedia.org/wikipedia/commons/thumb/5/53/Neckarstadion_2011.jpg/150px-Neckarstadion_2011.jpg,VfB Stuttgart,"['48.8911701', '9.18242015717697']"
114,Celtic Park,60411,Europe,Scotland,Glasgow,https://upload.wikimedia.org/wikipedia/commons/thumb/c/ce/Celtic_park_2.jpg/150px-Celtic_park_2.jpg,Celtic FC,"['55.8497578', '-4.205468869948476']"
115,Estadio de la UNSA,60370,South America,Peru,Arequipa,https://upload.wikimedia.org/wikipedia/commons/thumb/e/ef/OutsideUNSA.jpg/150px-OutsideUNSA.jpg,FBC Melgar,"['-16.4073043', '-71.52046853862656']"
116,Emirates Stadium,60338,Europe,England,London,https://upload.wikimedia.org/wikipedia/commons/thumb/d/d1/Emirates_Stadium_-_East_stand_Club_Level.jpg/150px-Emirates_Stadium_-_East_stand_Club_Level.jpg,Arsenal,"['51.55504035', '-0.1083996708672374']"
117,Shenzhen Universiade Sports Centre Stadium,60334,East Asia,China,"Shenzhen, Guangdong",https://upload.wikimedia.org/wikipedia/commons/thumb/1/11/%E6%B7%B1%E5%9C%B3%E9%BE%99%E5%B2%97%E5%A4%A7%E8%BF%90%E4%B8%AD%E5%BF%83%E4%BD%93%E8%82%B2%E9%A6%86%E5%86%85%E9%83%A8.jpg/150px-%E6%B7%B1%E5%9C%B3%E9%BE%99%E5%B2%97%E5%A4%A7%E8%BF%90%E4%B8%AD%E5%BF%83%E4%BD%93%E8%82%B2%E9%A6%86%E5%86%85%E9%83%A8.jpg,,"['22.6969481', '114.21233392711093']"
118,Estadio Centenario,60235,South America,Uruguay,Montevideo,https://upload.wikimedia.org/wikipedia/commons/thumb/9/98/Estadio_Centenario_2021.jpg/150px-Estadio_Centenario_2021.jpg,Uruguay national football team,"['-34.89453925', '-56.15268409413207']"
119,Estádio José do Rego Maciel,60044,South America,Brazil,"Recife, Pernambuco",https://upload.wikimedia.org/wikipedia/commons/thumb/1/1b/Arruda_em_novembro_de_2013.JPG/150px-Arruda_em_novembro_de_2013.JPG,Santa Cruz FC,"['-8.0268093', '-34.8911966744522']"
120,Al-Bayt Stadium,60000,West Asia,Qatar,Al-Khor,https://upload.wikimedia.org/wikipedia/en/thumb/7/71/Al_Bayt_Stadium_architecture.jpg/150px-Al_Bayt_Stadium_architecture.jpg,,"['25.6521339', '51.487805473145755']"
121,Benjamin Mkapa National Stadium,60000,Africa,Tanzania,Dar es-Salaam,https://upload.wikimedia.org/wikipedia/commons/thumb/e/ef/Tanzania_National_Main_Stadium_Aerial.jpg/150px-Tanzania_National_Main_Stadium_Aerial.jpg,"Tanzania national football team, Young Africans","['-6.8535746500000005', '39.273293473702665']"
122,Hefei Olympic Sports Centre Stadium,60000,East Asia,China,"Hefei, Anhui",https://upload.wikimedia.org/wikipedia/commons/thumb/8/8e/Hefei_Olympic_Sports_Center_Stadium.jpg/150px-Hefei_Olympic_Sports_Center_Stadium.jpg,Anhui Jiufang,"['31.797877', '117.22261203081261']"
123,Jaber al-Ahmad International Stadium,60000,West Asia,Kuwait,Kuwait City,https://upload.wikimedia.org/wikipedia/en/thumb/1/18/Jaber_Al-Ahmad_International_Stadium_2019_local.png/150px-Jaber_Al-Ahmad_International_Stadium_2019_local.png,Kuwait national football team,"['29.27146495', '47.91877550267482']"
124,Hammadi Agrebi Stadium,60000,Africa,Tunisia,Tunis,https://upload.wikimedia.org/wikipedia/commons/thumb/0/02/Mozambique-Tunisia_match_2009.jpg/150px-Mozambique-Tunisia_match_2009.jpg,Tunisia national football team,"['36.747771650000004', '10.273139986223581']"
125,Jawaharlal Nehru Stadium,60000,South Asia,India,New Delhi,https://upload.wikimedia.org/wikipedia/commons/thumb/a/a0/Jawaharlal_Nehru_Stadium%2C_New_Delhi.png/150px-Jawaharlal_Nehru_Stadium%2C_New_Delhi.png,,"['28.58337705', '77.23354040287734']"
126,Mogadishu Stadium,60000,Africa,Somalia,Mogadishu,https://upload.wikimedia.org/wikipedia/commons/thumb/e/e0/Mogadishustadium.jpg/150px-Mogadishustadium.jpg,Somalia national football team,"['2.06746715', '45.33546478903332']"
127,National Heroes Stadium,60000,Africa,Zambia,Lusaka,https://upload.wikimedia.org/wikipedia/commons/thumb/f/fe/Inauguration_of_Edgar_Lungu.jpg/150px-Inauguration_of_Edgar_Lungu.jpg,Zambian national football team,"['-15.369506699999999', '28.27374202223445']"
128,Odi Stadium,60000,Africa,South Africa,"Mabopane, Gauteng",https://upload.wikipedia.org/wikipedia/commons/thumb/0/0a/No-image-available.png/480px-No-image-available.png,,"['-25.5216914', '28.040565090974667']"
129,Morodok Techo National Stadium,60000,Southeast Asia,Cambodia,Phnom Penh,https://upload.wikimedia.org/wikipedia/commons/thumb/6/6d/Morodok_Techo_National_Stadium.jpg/150px-Morodok_Techo_National_Stadium.jpg,Cambodia national football team,"['11.68297715', '104.87630782752696']"
130,Shenyang Olympic Sports Centre Stadium,60000,East Asia,China,"Shenyang, Liaoning",https://upload.wikimedia.org/wikipedia/commons/thumb/5/52/Shenyang_Olympic_Sports_Center_Stadium_drone_view_1.jpg/150px-Shenyang_Olympic_Sports_Center_Stadium_drone_view_1.jpg,,"['41.73911265', '123.45744203075556']"
131,Optus Stadium,60000,Oceania,Australia,"Perth, Western Australia",https://upload.wikimedia.org/wikipedia/commons/thumb/c/cb/Perth_Stadium_opening_210118_gnangarra-10.jpg/150px-Perth_Stadium_opening_210118_gnangarra-10.jpg,"Perth Glory FC, Fremantle Dockers, West Coast Eagles","['-31.9510448', '115.88907562766687']"
132,Estadio Monumental Isidro Romero Carbo,59283,South America,Ecuador,Guayaquil,https://upload.wikimedia.org/wikipedia/commons/thumb/3/30/Estadio_Monumental_de_Barcelona.jpg/150px-Estadio_Monumental_de_Barcelona.jpg,Barcelona Sporting Club,"['-2.1858223499999996', '-79.92497004648283']"
133,Groupama Stadium,59186,Europe,France,Décines-Charpieu,https://upload.wikimedia.org/wikipedia/commons/thumb/c/c4/Stade_Lumi%C3%A8re.jpg/150px-Stade_Lumi%C3%A8re.jpg,Olympique Lyonnais,"['45.7653624', '4.9820543110736715']"
134,Chongqing Olympic Sports Centre Stadium,58680,East Asia,China,Chongqing,https://upload.wikimedia.org/wikipedia/commons/thumb/e/e1/Chongqing_Olympic_Stadium.jpg/150px-Chongqing_Olympic_Stadium.jpg,,"['29.52863975', '106.50216028949413']"
135,Stadion Narodowy,58580,Europe,Poland,Warsaw,https://upload.wikimedia.org/wikipedia/commons/thumb/7/76/National_Stadium_panorama.jpg/150px-National_Stadium_panorama.jpg,Poland national football team,"['52.2399367', '21.045287703666446']"
136,Stadio San Nicola,58270,Europe,Italy,"Bari, Apulia",https://upload.wikimedia.org/wikipedia/commons/thumb/7/7f/Nuoviseggiolinisannicola.jpg/150px-Nuoviseggiolinisannicola.jpg,SSC Bari,"['41.0847276', '16.840084897844584']"
137,Commanders Field,58000,North America,United States,"Landover, Maryland",https://upload.wikimedia.org/wikipedia/commons/thumb/7/78/FedexField2014.jpg/150px-FedexField2014.jpg,Washington Commanders,"['38.9077002', '-76.86332608690218']"
138,Deutsche Bank Park,58000,Europe,Germany,Frankfurt,https://upload.wikimedia.org/wikipedia/commons/thumb/f/f4/Commerzbank-Arena_%28Haupttrib%C3%BCne%29.JPG/150px-Commerzbank-Arena_%28Haupttrib%C3%BCne%29.JPG,Eintracht Frankfurt,"['50.068610250000006', '8.645415384241646']"
139,Estadio La Cartuja de Sevilla,57619,Europe,Spain,Seville,https://upload.wikimedia.org/wikipedia/commons/thumb/7/7b/Panoramio_-_V%26A_Dudush_-_Estadio_Ol%C3%ADmpico_57_619.jpg/150px-Panoramio_-_V%26A_Dudush_-_Estadio_Ol%C3%ADmpico_57_619.jpg,,"['37.41723525', '-6.004613361716357']"
140,Carter–Finley Stadium,57583,North America,United States,"Raleigh, North Carolina",https://upload.wikimedia.org/wikipedia/commons/thumb/2/2e/Carter_Finley_Stadium_at_Sunset.jpg/150px-Carter_Finley_Stadium_at_Sunset.jpg,NC State Wolfpack football,"['35.800846449999995', '-78.71960451582763']"
141,Estadio Alberto J. Armando,57200,South America,Argentina,Buenos Aires,https://upload.wikimedia.org/wikipedia/commons/thumb/9/99/La_Bombonera.jpg/150px-La_Bombonera.jpg,CA Boca Juniors,"['-34.63551715', '-58.364916326853375']"
142,Volksparkstadion,57030,Europe,Germany,Hamburg,https://upload.wikimedia.org/wikipedia/commons/thumb/7/79/Volksparkstadion_Panorama.jpg/150px-Volksparkstadion_Panorama.jpg,Hamburger SV,"['53.5871535', '9.898705553686273']"
143,Estadio Mario Alberto Kempes,57000,South America,Argentina,Córdoba,https://upload.wikimedia.org/wikipedia/commons/thumb/d/d9/Estadio_Kempes_luego_de_finalizar_un_partido.jpg/150px-Estadio_Kempes_luego_de_finalizar_un_partido.jpg,"Talleres de Córdoba, some Belgrano de Córdoba matches.","['-31.368846849999997', '-64.24614507921008']"
144,Jinan Olympic Sports Centre Stadium,56808,East Asia,China,"Jinan, Shandong",https://upload.wikimedia.org/wikipedia/commons/thumb/1/1f/JinanOlympic.JPG/150px-JinanOlympic.JPG,Shandong Taishan,"['36.65637625', '117.11023219400708']"
145,Estadio Jalisco,56713,North America,Mexico,"Guadalajara, Jalisco",https://upload.wikimedia.org/wikipedia/commons/thumb/8/82/Estadio_Jalisco_06022022.jpg/150px-Estadio_Jalisco_06022022.jpg,Atlas,"['20.70477005', '-103.32768461889556']"
146,Commonwealth Stadium,56302,North America,Canada,"Edmonton, Alberta",https://upload.wikimedia.org/wikipedia/commons/thumb/f/f3/Commonwealth_Stadium.jpg/150px-Commonwealth_Stadium.jpg,"Edmonton Elks, Canadian men's and women's national teams","['53.55970035', '-113.47764750194395']"
147,Dodger Stadium,56000,North America,United States,Los Angeles,https://upload.wikimedia.org/wikipedia/commons/thumb/d/d2/Dodger_Stadium_field_from_upper_deck_2015-10-04.jpg/150px-Dodger_Stadium_field_from_upper_deck_2015-10-04.jpg,Los Angeles Dodgers,"['34.0736263', '-118.23897581574036']"
148,Stade du 19-mai-1956,56000,Africa,Algeria,Annaba,https://upload.wikimedia.org/wikipedia/commons/thumb/8/88/Annaba_Stadium.jpg/150px-Annaba_Stadium.jpg,USM Annaba,"['36.885860300000004', '7.733074727438258']"
149,Estadi Olímpic Lluís Companys,55926,Europe,Spain,"Barcelona, Catalonia",https://upload.wikimedia.org/wikipedia/commons/thumb/f/ff/Estadi_Ol%C3%ADmpic_Llu%C3%ADs_Companys_-_Barcelona%2C_Spain_-_Jan_2007.jpg/150px-Estadi_Ol%C3%ADmpic_Llu%C3%ADs_Companys_-_Barcelona%2C_Spain_-_Jan_2007.jpg,,"['41.36472', '2.155645096956145']"
150,Arena do Grêmio,55662,South America,Brazil,"Porto Alegre, Rio Grande do Sul",https://upload.wikimedia.org/wikipedia/commons/thumb/a/a2/Arena_do_Gr%C3%AAmio.jpg/150px-Arena_do_Gr%C3%AAmio.jpg,Grêmio FBPA,"['-29.974042949999998', '-51.195107349371696']"
151,Arena Națională,55634,Europe,Romania,Bucharest,https://upload.wikimedia.org/wikipedia/commons/thumb/1/1a/Stadionul_National_-_National_Arena_3.jpg/150px-Stadionul_National_-_National_Arena_3.jpg,Romania national football team,"['44.4372494', '26.15247577172729']"
152,Stadion Rajko Mitić,55538,Europe,Serbia,Belgrade,https://upload.wikimedia.org/wikipedia/commons/thumb/7/70/Zvezda_stadion.jpg/150px-Zvezda_stadion.jpg,"Red Star Belgrade, Serbia national football team","['44.78322025', '20.464675050883898']"
153,Stadion Śląski,55211,Europe,Poland,Chorzów,https://upload.wikimedia.org/wikipedia/commons/thumb/c/c4/Widok_bramka.jpg/150px-Widok_bramka.jpg,"Poland national football team, Ruch Chorzów","['50.28824565', '18.973499319484034']"
154,Etihad Stadium,55097,Europe,England,"Manchester, North West England",https://upload.wikimedia.org/wikipedia/commons/thumb/b/b8/Etihad_Stadium.jpg/150px-Etihad_Stadium.jpg,Manchester City,"['53.48309105', '-2.2002520023433307']"
155,Mestalla,55000,Europe,Spain,Valencia,https://upload.wikimedia.org/wikipedia/commons/thumb/a/af/CAMP_DE_MESTALLA_GRADA_DE_LA_MAR_2014_%282%29.JPG/150px-CAMP_DE_MESTALLA_GRADA_DE_LA_MAR_2014_%282%29.JPG,Valencia CF,"['39.4745279', '-0.35815663617491666']"
156,National Stadium,55000,Southeast Asia,Singapore,Singapore,https://upload.wikimedia.org/wikipedia/commons/thumb/f/f5/SingaporeNationalStadiumJapanBrazilFootball.jpg/150px-SingaporeNationalStadiumJapanBrazilFootball.jpg,Singapore national football team,"['1.30449095', '103.87434371851725']"
157,National Stadium,55000,East Asia,Taiwan,Kaohsiung,https://upload.wikimedia.org/wikipedia/commons/thumb/5/5f/The_Main_Stadium_for_2009_World_Games_panorama.jpg/150px-The_Main_Stadium_for_2009_World_Games_panorama.jpg,Chinese Taipei national football team,"['22.70285345', '120.29363310033875']"
158,He Long Stadium,55000,East Asia,China,"Changsha, Hunan",https://upload.wikimedia.org/wikipedia/commons/thumb/7/75/Helong_Stadium.jpg/150px-Helong_Stadium.jpg,,"['28.181759', '112.97738969646085']"
159,Cape Town Stadium,55000,Africa,South Africa,"Cape Town, Western Cape",https://upload.wikimedia.org/wikipedia/commons/thumb/0/06/Cape_Town_Stadium_Inside.jpg/150px-Cape_Town_Stadium_Inside.jpg,"Cape Town City FC, DHL Western Cape Stormers","['-33.903460100000004', '18.411145824940803']"
160,Plovdiv Stadium,55000,Europe,Bulgaria,Plovdiv,https://upload.wikimedia.org/wikipedia/commons/thumb/0/0c/Plovdiv_Stadium.JPG/150px-Plovdiv_Stadium.JPG,,"['42.14970905', '24.7198409279892']"
161,Bobby Dodd Stadium,55000,North America,United States,Atlanta,https://upload.wikimedia.org/wikipedia/commons/thumb/a/a4/BDS2013.jpg/150px-BDS2013.jpg,Georgia Tech Yellow Jackets football,"['33.772476', '-84.39295889500981']"
162,Johan Cruijff Arena,54990,Europe,Netherlands,Amsterdam,https://upload.wikimedia.org/wikipedia/commons/thumb/7/73/Ajax_0_Chelsea_1_%2823Oct19%29.jpg/150px-Ajax_0_Chelsea_1_%2823Oct19%29.jpg,AFC Ajax,"['52.314353049999994', '4.942843089053988']"
163,Tianhe Stadium,54856,East Asia,China,"Guangzhou, Guangdong",https://upload.wikimedia.org/wikipedia/commons/thumb/1/1f/Tianhe_Stadium.jpg/150px-Tianhe_Stadium.jpg,,"['23.1405033', '113.3193596628767']"
164,Stadio Diego Armando Maradona,54726,Europe,Italy,Naples,https://upload.wikimedia.org/wikipedia/commons/thumb/f/f0/Braciere_olimpico_XXX_Universiade_Napoli_2019.jpg/150px-Braciere_olimpico_XXX_Universiade_Napoli_2019.jpg,SSC Napoli,"['40.82797725', '14.192888963935296']"
165,Tianjin Olympic Sports Centre Stadium,54696,East Asia,China,Tianjin,https://upload.wikimedia.org/wikipedia/commons/thumb/7/72/Tianjin_Olympic_Center_Stadium.jpg/150px-Tianjin_Olympic_Center_Stadium.jpg,Tianjin Teda,"['39.3032619', '117.4163641']"
166,MERKUR SPIEL-ARENA,54600,Europe,Germany,Düsseldorf,https://upload.wikimedia.org/wikipedia/commons/thumb/a/a7/LTU_arena_panorama.jpg/150px-LTU_arena_panorama.jpg,Fortuna Düsseldorf,"['51.261629049999996', '6.73315161013141']"
167,Boris Paitchadze Dinamo Arena,54549,West Asia,Georgia,Tbilisi,https://upload.wikimedia.org/wikipedia/commons/thumb/3/38/Boris_Paichadze_Dinamo_Arena%2C_Samtredia_-_Qaraba%C4%9F.jpg/150px-Boris_Paichadze_Dinamo_Arena%2C_Samtredia_-_Qaraba%C4%9F.jpg,"Georgia national football team, FC Dinamo Tbilisi","['41.7230833', '44.789805319357214']"
168,Wuhan Sports Centre Stadium,54357,East Asia,China,"Wuhan, Hubei",https://upload.wikimedia.org/wikipedia/commons/thumb/6/6d/Wuhan_Sport_Centre_01.jpg/150px-Wuhan_Sport_Centre_01.jpg,,"['30.50246795', '114.16612807957725']"
169,BC Place Stadium,54320,North America,Canada,"Vancouver, British Columbia",https://upload.wikimedia.org/wikipedia/commons/thumb/f/ff/BC_Place_2015_Women%27s_FIFA_World_Cup.jpg/150px-BC_Place_2015_Women%27s_FIFA_World_Cup.jpg,"Vancouver Whitecaps FC, BC Lions","['49.2770655', '-123.1095645']"
170,Yankee Stadium,54251,North America,United States,New York City,https://upload.wikimedia.org/wikipedia/commons/thumb/5/5f/YankeeStadium-9-21-22-1.jpg/150px-YankeeStadium-9-21-22-1.jpg,"New York Yankees, New York City FC","['40.82958275', '-73.92652118491901']"
171,Hrazdan Stadium,54208,West Asia,Armenia,Yerevan,https://upload.wikimedia.org/wikipedia/commons/thumb/7/71/HrazdanArmeniaTurkey.JPG/150px-HrazdanArmeniaTurkey.JPG,"FC Ararat Yerevan, Ulisses FC","['40.18036705', '44.494672292188596']"
172,BORUSSIA-PARK,54057,Europe,Germany,Mönchengladbach,https://upload.wikimedia.org/wikipedia/commons/thumb/5/5d/Borussia-Park_DEU-FRA_2011.jpg/150px-Borussia-Park_DEU-FRA_2011.jpg,Borussia Mönchengladbach,"['51.174624949999995', '6.385409367871812']"
173,Moses Mabhida Stadium,54000,Africa,South Africa,"Durban, KwaZulu-Natal",https://upload.wikimedia.org/wikipedia/commons/thumb/9/9c/FIFA_World_Cup_2010_Netherlands_Japan.jpg/150px-FIFA_World_Cup_2010_Netherlands_Japan.jpg,"AmaZulu FC, Cell C Durban Sharks","['-29.8290201', '31.03137408601279']"
174,Busan Asiad Main Stadium,53864,East Asia,South Korea,Busan,https://upload.wikimedia.org/wikipedia/commons/thumb/7/73/BusanAsiadStadium.jpg/150px-BusanAsiadStadium.jpg,Busan IPark,"['35.1900767', '129.05954814285263']"
175,Estádio Estadual Jornalista Edgar Augusto Proença,53645,South America,Brazil,"Belém, Pará",https://upload.wikimedia.org/wikipedia/commons/thumb/f/fe/Est%C3%A1dio_Ol%C3%ADmpico_do_Par%C3%A1_-_2.jpg/150px-Est%C3%A1dio_Ol%C3%ADmpico_do_Par%C3%A1_-_2.jpg,"Paysandu SC, Clube do Remo, Tuna Luso Brasileira, SC Belem","['-1.3811539000000002', '-48.443076308793664']"
176,Estadio Único Diego Armando Maradona,53600,South America,Argentina,La Plata,https://upload.wikimedia.org/wikipedia/commons/thumb/8/88/EstadioUnicoLaPlata_Interior_June2014.jpg/150px-EstadioUnicoLaPlata_Interior_June2014.jpg,,"['-34.913840750000006', '-57.989047624769114']"
177,Adelaide Oval,53500,Oceania,Australia,"Adelaide, South Australia",https://upload.wikimedia.org/wikipedia/commons/thumb/a/a3/After_Game_Kick_and_Catch_%2813750115664%29.jpg/150px-After_Game_Kick_and_Catch_%2813750115664%29.jpg,"Adelaide Crows, Port Adelaide Powers","['-34.9155596', '138.59627721943045']"
178,Docklands Stadium,53359,Oceania,Australia,"Melbourne, Victoria",https://upload.wikimedia.org/wikipedia/commons/thumb/7/71/Melbourne_Derby_December_2014.jpg/150px-Melbourne_Derby_December_2014.jpg,"Western Bulldogs, Essendon, St. Kilda, Carlton, North Melbourne","['-37.816529', '144.94751697668812']"
179,Estádio Municipal João Havelange,53350,South America,Brazil,"Uberlândia, Minas Gerais",https://upload.wikimedia.org/wikipedia/commons/thumb/2/2f/Est%C3%A1dio_Parque_do_Sabi%C3%A1.jpg/150px-Est%C3%A1dio_Parque_do_Sabi%C3%A1.jpg,Uberlânia EC,"['-18.9188041', '-48.2767837']"
180,San Mamés,53332,Europe,Spain,Bilbao,https://upload.wikimedia.org/wikipedia/commons/thumb/f/f8/San_Mames%2C_Bilbao%2C_Euskal_Herria_-_Basque_Country.jpg/150px-San_Mames%2C_Bilbao%2C_Euskal_Herria_-_Basque_Country.jpg,Athletic Bilbao,"['43.26420400000001', '-2.94939145292929']"
181,Aleppo International Stadium,53200,West Asia,Syria,Aleppo,https://upload.wikimedia.org/wikipedia/commons/thumb/b/be/Aleppo_International_Stadium%2C_day_view%2C_2009_%281%29.jpg/150px-Aleppo_International_Stadium%2C_day_view%2C_2009_%281%29.jpg,Al-Ittihad,"['36.1849318', '37.11764183655198']"
182,Estadio Nacional,53086,South America,Peru,Lima,https://upload.wikimedia.org/wikipedia/commons/thumb/b/b8/Estadio_Nacional_nuevo_07_10_2011.jpg/150px-Estadio_Nacional_nuevo_07_10_2011.jpg,Peru national football team,"['-12.0673803', '-77.03378302724295']"
183,Huanglong Stadium,52672,East Asia,China,"Hangzhou, Zhejiang",https://upload.wikimedia.org/wikipedia/commons/thumb/5/53/Hangzhou-yellow-dragon-stad.jpg/150px-Hangzhou-yellow-dragon-stad.jpg,Hangzhou FC,"['30.2489634', '120.2052342']"
184,RAMS Park,52652,Europe,Turkey,Istanbul,https://upload.wikimedia.org/wikipedia/commons/thumb/d/d7/Galatasaray_Arena_North-West_Corner.jpg/150px-Galatasaray_Arena_North-West_Corner.jpg,Galatasaray,"['41.10342555', '28.99103795029205']"
185,Suncorp Stadium,52500,Oceania,Australia,"Brisbane, Queensland",https://upload.wikimedia.org/wikipedia/commons/thumb/4/46/Suncorpstadium071006a.JPG/150px-Suncorpstadium071006a.JPG,"Brisbane Broncos, Queensland Maroons, Brisbane Roar FC, Queensland Reds","['-27.46486025', '153.0096055']"
186,St. James' Park,52405,Europe,England,"Newcastle upon Tyne, North East",https://upload.wikimedia.org/wikipedia/commons/thumb/6/6e/StJamesParkPanorama.jpg/150px-StJamesParkPanorama.jpg,Newcastle United,"['54.9754693', '-1.621873666214279']"
187,Kings Park Stadium,52000,Africa,South Africa,"Durban, KwaZulu-Natal",https://upload.wikimedia.org/wikipedia/commons/thumb/b/bc/Kings_Park_panorama.jpg/150px-Kings_Park_panorama.jpg,"Lamontville Golden Arrows, Cell C Durban Sharks","['-29.824805050000002', '31.028973520139886']"
188,Newlands Stadium,51900,Africa,South Africa,"Cape Town, Western Cape",https://upload.wikimedia.org/wikipedia/commons/thumb/4/48/Proudly_South_African.jpg/150px-Proudly_South_African.jpg,,"['-33.970522599999995', '18.46856262554025']"
189,Hampden Park,51866,Europe,Scotland,Glasgow,https://upload.wikimedia.org/wikipedia/commons/thumb/d/dc/Hampden_Park%2C_January_2023.jpg/150px-Hampden_Park%2C_January_2023.jpg,"Scotland national football team, Queen's Park","['55.82574505', '-4.251978794467953']"
190,Estadio Monumental de Maturín,51796,South America,Venezuela,Maturín,https://upload.wikimedia.org/wikipedia/commons/thumb/8/8d/Monumental_de_maturin_3.jpg/150px-Monumental_de_maturin_3.jpg,Monagas Sport Club,"['9.7422774', '-63.1888854']"
191,Loftus Versfeld Stadium,51762,Africa,South Africa,"Pretoria, Gauteng",https://upload.wikimedia.org/wikipedia/commons/thumb/6/6c/Loftus_Versfeld_Game_Night.JPG/150px-Loftus_Versfeld_Game_Night.JPG,SuperSport United and Vodacom Pretoria Bulls,"['-25.753234749999997', '28.22293274766396']"
192,Aviva Stadium,51700,Europe,Ireland,Dublin,https://upload.wikimedia.org/wikipedia/commons/thumb/a/a1/Aviva_Stadium_Panoramic.jpg/150px-Aviva_Stadium_Panoramic.jpg,"Leinster Rugby, Republic of Ireland national football team, Ireland national rugby union team","['53.3352254', '-6.2281850790431115']"
193,Guiyang Olympic Sports Centre Stadium,51638,East Asia,China,"Guiyang, Guizhou",https://upload.wikimedia.org/wikipedia/commons/thumb/c/c3/Guiyang_Olympic_Sports_Center.jpg/150px-Guiyang_Olympic_Sports_Center.jpg,,"['26.6206664', '106.605846725']"
194,Hohhot City Stadium,51632,East Asia,China,"Hohhot, Inner Mongolia",https://upload.wikimedia.org/wikipedia/commons/thumb/5/57/Hohhot_City_Stadium.jpg/150px-Hohhot_City_Stadium.jpg,,"['40.85113965', '111.65046250528356']"
195,Rajamangala National Stadium,51552,Southeast Asia,Thailand,Bangkok,https://upload.wikimedia.org/wikipedia/commons/thumb/0/06/Rajamangala_Stadium_Panorama.jpg/150px-Rajamangala_Stadium_Panorama.jpg,Thailand national football team,"['13.75542905', '100.62215594572871']"
196,Donbass Arena,51504,Europe,Ukraine,Donetsk,https://upload.wikimedia.org/wikipedia/en/thumb/8/8c/Donbass_Arena.jpg/150px-Donbass_Arena.jpg,,"['48.02110375', '37.809053135828854']"
197,Estadio Presidente Juan Domingo Perón,51389,South America,Argentina,Avellaneda,https://upload.wikimedia.org/wikipedia/commons/thumb/7/77/Panoramica_Cilindro.jpg/150px-Panoramica_Cilindro.jpg,Racing Club de Avellaneda,"['-34.66756475', '-58.368504739316464']"
198,İzmir Atatürk Stadyumu,51295,West Asia,Turkey,İzmir,https://upload.wikimedia.org/wikipedia/commons/thumb/e/ec/%C4%B0zmir_Atat%C3%BCrk_Stadyumu.jpg/150px-%C4%B0zmir_Atat%C3%BCrk_Stadyumu.jpg,"Altay SK, Göztepe AŞ","['38.434983450000004', '27.17801135']"
199,Stadion Feijenoord,51117,Europe,Netherlands,Rotterdam,https://upload.wikimedia.org/wikipedia/commons/thumb/8/89/Rotterdam_De_Kuip_1.jpg/150px-Rotterdam_De_Kuip_1.jpg,Feyenoord,"['51.8938646', '4.523228129966229']"
200,Estadio BBVA,51000,North America,Mexico,Monterrey,https://upload.wikimedia.org/wikipedia/commons/thumb/f/f9/Estadio_BBVA.jpg/150px-Estadio_BBVA.jpg,CF Monterrey,"['25.669110250000003', '-100.24435594300363']"
201,Ghadir Stadium,51000,West Asia,Iran,Ahvaz,https://upload.wikimedia.org/wikipedia/commons/thumb/5/5a/Al-Ghadeer_Stadium.jpg/150px-Al-Ghadeer_Stadium.jpg,Foolad FC,"['31.3230637', '48.67932']"
202,Estádio José Pinheiro Borda,50942,South America,Brazil,Porto Alegre. Rio Grande do Sul,https://upload.wikimedia.org/wikipedia/commons/thumb/3/31/Beira-Rio-Stadium-Porto-Alegre-Brazil.jpg/150px-Beira-Rio-Stadium-Porto-Alegre-Brazil.jpg,SC Internacional,"['-30.0654898', '-51.23491778159686']"
203,Ibrox Stadium,50817,Europe,Scotland,Glasgow,https://upload.wikimedia.org/wikipedia/commons/thumb/4/41/Rangers-SM_%281%29.jpg/150px-Rangers-SM_%281%29.jpg,Rangers FC,"['55.85322065', '-4.309323914605736']"
204,Shizuoka Stadium,50889,East Asia,Japan,"Fukuroi, Shizuoka",https://upload.wikimedia.org/wikipedia/commons/thumb/d/d7/Ecopa030304.jpg/150px-Ecopa030304.jpg,"Júbilo Iwata, Shimizu S-Pulse, Shizuoka Blue Revs","['34.74343045', '137.97072889535485']"
205,Ernst-Happel-Stadion,50865,Europe,Austria,Vienna,https://upload.wikimedia.org/wikipedia/commons/thumb/3/3c/EM_2008_Elfmeter_Kroatien_%C3%96sterreich.jpg/150px-EM_2008_Elfmeter_Kroatien_%C3%96sterreich.jpg,Austria national football team,"['48.20718935', '16.420917065669776']"
206,Huntington Bank Stadium,50805,North America,United States,Minneapolis,https://upload.wikimedia.org/wikipedia/en/thumb/c/cf/MNUFCTCF.jpeg/150px-MNUFCTCF.jpeg,Minnesota Golden Gophers football,"['44.97653965', '-93.2231906824895']"
207,Estadio Cuauhtémoc,50754,North America,Mexico,Puebla,https://upload.wikimedia.org/wikipedia/commons/thumb/2/24/Rampa_norte.jpg/150px-Rampa_norte.jpg,Puebla FC,"['19.077983250000003', '-98.16433751006463']"
208,Friends Arena,50653,Europe,Sweden,Solna,https://upload.wikimedia.org/wikipedia/commons/thumb/2/2b/FriendsArena_SwedenSpain.jpg/150px-FriendsArena_SwedenSpain.jpg,"Sweden national football team, AIK Fotboll","['59.37250385', '18.00166723894346']"
209,Ülker Stadyumu,50509,West Asia,Turkey,Istanbul,https://upload.wikimedia.org/wikipedia/commons/thumb/6/67/Sukrusaracoglu.jpg/150px-Sukrusaracoglu.jpg,Fenerbahçe,"['40.98758065', '29.03697729928941']"
210,Stanford Stadium,50424,North America,United States,"Palo Alto, California",https://upload.wikimedia.org/wikipedia/commons/thumb/d/da/2008-1115-006-USC-Stanford-PAN.jpg/150px-2008-1115-006-USC-Stanford-PAN.jpg,,"['37.43453005', '-122.16116296732366']"
211,Stade Pierre-Mauroy,50186,Europe,France,Villeneuve-d'Ascq,https://upload.wikimedia.org/wikipedia/commons/thumb/9/90/Mauroy_Stadium_Eurobasket_2015.JPG/150px-Mauroy_Stadium_Eurobasket_2015.JPG,Lille OSC,"['50.61190435', '3.129523621180354']"
212,Stade Roi Baudouin,50122,Europe,Belgium,Brussels,https://upload.wikimedia.org/wikipedia/commons/thumb/a/a4/Stade_Roi_Baudouin.JPG/150px-Stade_Roi_Baudouin.JPG,Belgium national football team,"['50.89572205', '4.334127921935032']"
213,Shaanxi Province Stadium,50100,East Asia,China,"Xi'an, Shaanxi",https://upload.wikipedia.org/wikipedia/commons/thumb/0/0a/No-image-available.png/480px-No-image-available.png,,"['34.2340645', '108.93745557239046']"
214,Ajinomoto Stadium,50100,East Asia,Japan,"Chofu, Tokyo",https://upload.wikimedia.org/wikipedia/commons/thumb/5/5c/Ajinomoto_Stadium_2018-13.jpg/150px-Ajinomoto_Stadium_2018-13.jpg,"FC Tokyo, Tokyo Verdy, Tokyo Sungoliath, Toshiba Brave Lupus Tokyo","['35.66418645', '139.52707517816015']"
215,Estádio José Alvalade,50095,Europe,Portugal,Lisbon,https://upload.wikimedia.org/wikipedia/commons/thumb/c/cc/Alvalade0023.jpg/150px-Alvalade0023.jpg,Sporting CP,"['38.761216399999995', '-9.160783134674658']"
216,Estádio do Dragão,50033,Europe,Portugal,Porto,https://upload.wikimedia.org/wikipedia/commons/thumb/b/b8/Porto_Est%C3%A1dio_do_Drag%C3%A3o_2.jpg/150px-Porto_Est%C3%A1dio_do_Drag%C3%A3o_2.jpg,FC Porto,"['41.161823549999994', '-8.583749198495163']"
217,Casa de Apostas Arena Fonte Nova,50025,South America,Brazil,"Salvador, Bahia",https://upload.wikimedia.org/wikipedia/commons/thumb/3/35/Arena_Fonte_Nova_External_View.jpg/150px-Arena_Fonte_Nova_External_View.jpg,EC Bahia,"['-12.97888575', '-38.503482173027365']"
218,Stade Olympique de Sousse,50000,Africa,Tunisia,Sousse,https://upload.wikimedia.org/wikipedia/commons/thumb/b/be/Stade_olympique_de_Sousse.jpg/150px-Stade_olympique_de_Sousse.jpg,Étoile du Sahel,"['35.82349385', '10.613512133624287']"
219,RheinEnergieSTADION,50000,Europe,Germany,Cologne,https://upload.wikimedia.org/wikipedia/commons/thumb/8/82/FIFA_WM06_Stadion_Koeln.jpg/150px-FIFA_WM06_Stadion_Koeln.jpg,1. FC Köln,"['50.933505499999995', '6.875116740301886']"
220,Harbin Sports City Centre Stadium,50000,East Asia,China,"Harbin, Heilongjiang",https://upload.wikipedia.org/wikipedia/commons/thumb/0/0a/No-image-available.png/480px-No-image-available.png,,"['45.7593633', '126.6276177']"
221,Greenfield International Stadium,50000,South Asia,India,Trivandrum,https://upload.wikimedia.org/wikipedia/commons/thumb/3/35/Greenfield_International_Stadium_Kerala.jpg/150px-Greenfield_International_Stadium_Kerala.jpg,,"['8.5714901', '76.88440346927736']"
222,EMS Stadium,50000,South Asia,India,Kozhikode,https://upload.wikimedia.org/wikipedia/commons/thumb/1/1b/Kozhikode_EMS_Stadium.jpg/150px-Kozhikode_EMS_Stadium.jpg,"India national football team, Gokulam Kerala FC","['11.2563999', '75.78562514924866']"
223,KD Singh Babu Stadium,50000,South Asia,India,Lucknow,https://upload.wikimedia.org/wikipedia/commons/thumb/6/60/K_D_Singh_Babu_Stadium.jpg/150px-K_D_Singh_Babu_Stadium.jpg,,"['26.8539449', '80.9368084']"
224,Eden Park,50000,Oceania,New Zealand,Auckland,https://upload.wikimedia.org/wikipedia/commons/thumb/e/e6/Auckland_EdenPark.jpg/150px-Auckland_EdenPark.jpg,"Auckland Blues, New Zealand Warriors","['-36.8750352', '174.7440567126547']"
225,Estádio 11 de Novembro,50000,Africa,Angola,Luanda,https://upload.wikimedia.org/wikipedia/commons/thumb/6/6b/Football_stadium_%286178263468%29.jpg/150px-Football_stadium_%286178263468%29.jpg,"Angola national football team, Primeiro de Agosto, Petro Luanda","['-8.96992095', '13.283531084692665']"
226,Henan Provincial Stadium,50000,East Asia,China,"Zhengzhou, Henan",https://upload.wikipedia.org/wikipedia/commons/thumb/0/0a/No-image-available.png/480px-No-image-available.png,,"['34.83750225', '113.6228539022892']"
227,Jiangxi Olympic Sports Center,50000,East Asia,China,"Nanchang, Jiangxi",https://upload.wikipedia.org/wikipedia/commons/thumb/0/0a/No-image-available.png/480px-No-image-available.png,,"['28.6472124', '116.0348483']"
228,Max-Morlock-Stadion,50000,Europe,Germany,Nuremberg,https://upload.wikimedia.org/wikipedia/commons/thumb/1/15/Frankenstadion_2.JPG/150px-Frankenstadion_2.JPG,1. FC Nürnberg,"['49.426256949999996', '11.125670595735157']"
229,June 11 Stadium,50000,Africa,Libya,Tripoli,https://upload.wikimedia.org/wikipedia/commons/thumb/7/77/11_June_Stadium_BenTaher.jpg/150px-11_June_Stadium_BenTaher.jpg,"Libya, Al-Ahly SC, Al-Ittihad Tripoli, Al-Madina SC","['32.859905749999996', '13.135900047303338']"
230,Xinjiang Sports Centre Stadium,50000,East Asia,China,"Urumqi, Xinjiang",https://upload.wikipedia.org/wikipedia/commons/thumb/0/0a/No-image-available.png/480px-No-image-available.png,,"['43.419754', '87.319461']"
231,Kim Il-sung Stadium,50000,East Asia,North Korea,Pyongyang,https://upload.wikimedia.org/wikipedia/commons/thumb/3/39/North_Korea_v_Philippines%2C_8_October_2015_F.png/150px-North_Korea_v_Philippines%2C_8_October_2015_F.png,Pyongyang City Sports Club,"['39.04385845', '125.75773772090233']"
232,EDION Stadium Hiroshima,50000,East Asia,Japan,Hiroshima,https://upload.wikimedia.org/wikipedia/commons/thumb/3/3e/Big_Arch_Stadium_Panorama.jpg/150px-Big_Arch_Stadium_Panorama.jpg,Sanfrecce Hiroshima,"['34.4407675', '132.39321828072832']"
233,Pars Shiraz Stadium,50000,West Asia,Iran,Shiraz,https://upload.wikimedia.org/wikipedia/commons/thumb/b/be/Pars_Stadium_Photos_Image_6.jpg/150px-Pars_Stadium_Photos_Image_6.jpg,Fajr Sepasi Shiraz FC,"['29.6060218', '52.5378041']"
234,Stade du 26 mars,50000,Africa,Mali,Bamako,https://upload.wikimedia.org/wikipedia/commons/thumb/1/10/Stade_du_26-mars.png/150px-Stade_du_26-mars.png,Stade Malien,"['12.6043766', '-7.921737394539251']"
235,Stade Abdoulaye Wade,50000,Africa,Senegal,Dakar,https://upload.wikimedia.org/wikipedia/commons/thumb/4/45/Stade_Abdoulaye_Wade.jpg/150px-Stade_Abdoulaye_Wade.jpg,Senegal national football team,"['14.73275715', '-17.20149234388834']"
236,Sultan Mizan Zainal Abidin Stadium,50000,Southeast Asia,Malaysia,Kuala Terengganu,https://upload.wikimedia.org/wikipedia/commons/thumb/0/00/Sultan_Mizan_Zainal_Abidin_Stadium_%28Night%29_2021.jpg/150px-Sultan_Mizan_Zainal_Abidin_Stadium_%28Night%29_2021.jpg,Terengganu FA,"['5.369713450000001', '103.10568116031331']"
237,Estadio Akron,49850,North America,Mexico,Guadalajara,https://upload.wikimedia.org/wikipedia/commons/thumb/f/f1/Omnilife_Stadium.png/150px-Omnilife_Stadium.png,C.D. Guadalajara,"['20.68177085', '-103.46184635987743']"
238,Levy Mwanawasa Stadium,49800,Africa,Zambia,Lusaka,https://upload.wikipedia.org/wikipedia/commons/thumb/0/0a/No-image-available.png/480px-No-image-available.png,Zesco United,"['-12.97553125', '28.61122677401119']"
239,Fritz-Walter-Stadion,49780,Europe,Germany,Kaiserslautern,https://upload.wikimedia.org/wikipedia/commons/thumb/1/18/Kaiserslautern_18.JPG/150px-Kaiserslautern_18.JPG,1. FC Kaiserslautern,"['49.4345765', '7.7766302915876775']"
240,Estadio José Amalfitani,49540,South America,Argentina,Buenos Aires,https://upload.wikimedia.org/wikipedia/commons/thumb/3/33/Argentina_A_vs_Inglaterra_A_02.JPG/150px-Argentina_A_vs_Inglaterra_A_02.JPG,CA Vélez Sársfield,"['-34.6353382', '-58.520678812977806']"
241,Camille Chamoun Sports City Stadium,49500,West Asia,Lebanon,Beirut,https://upload.wikimedia.org/wikipedia/commons/thumb/a/a8/Camille_Chamoun_Sports_City_Stadium_2018_-_Beirut_derby_%28Nejmeh_fans%29.png/150px-Camille_Chamoun_Sports_City_Stadium_2018_-_Beirut_derby_%28Nejmeh_fans%29.png,"Lebanon national football team, Al Ahed FC, Al Ansar FC, Nejmeh SC","['33.86707815', '35.49511761682578']"
242,Miyagi Stadium,49133,East Asia,Japan,"Rifu, Miyagi",https://upload.wikimedia.org/wikipedia/commons/thumb/9/9b/MiyagiStadiumTrackField.jpg/150px-MiyagiStadiumTrackField.jpg,Vegalta Sendai,"['38.3353606', '140.95045670397792']"
243,Incheon Munhak Stadium,49084,East Asia,South Korea,Incheon,https://upload.wikimedia.org/wikipedia/commons/thumb/d/df/Munhak_Stadium_Corner.jpg/150px-Munhak_Stadium_Corner.jpg,,"['37.4350773', '126.69075155692887']"
244,Heinz-von-Heiden-Arena,49000,Europe,Germany,Hanover,https://upload.wikimedia.org/wikipedia/commons/thumb/9/9e/HDI_Arena%2C_WM_Stadion_2006.jpg/150px-HDI_Arena%2C_WM_Stadion_2006.jpg,Hannover 96,"['52.36002595', '9.731016050053142']"
245,Parc des Princes,48712,Europe,France,Paris,https://upload.wikimedia.org/wikipedia/commons/thumb/8/89/PSG-Nantes_Parc_des_Princes_05.jpg/150px-PSG-Nantes_Parc_des_Princes_05.jpg,Paris Saint-Germain,"['48.841363400000006', '2.2530693162378235']"
246,Stadium of Light,48707,Europe,England,"Sunderland, Tyne and Wear",https://upload.wikimedia.org/wikipedia/commons/thumb/7/7d/Stadium_of_Light%2C_Sunderland_afc.jpg/150px-Stadium_of_Light%2C_Sunderland_afc.jpg,Sunderland AFC,"['54.914395299999995', '-1.3882579326202478']"
247,Estadio Nacional,48665,South America,Chile,Santiago,https://upload.wikimedia.org/wikipedia/commons/thumb/1/15/Adios_Matador.jpg/150px-Adios_Matador.jpg,"Chile national football team, CF Universidad de Chile","['-33.4623786', '-70.6062119']"
248,Nelson Mandela Bay Stadium,48459,Africa,South Africa,"Port Elizabeth, Eastern Cape",https://upload.wikimedia.org/wikipedia/commons/thumb/9/9b/Nelson_Mandela_Stadium_in_Port_Elizabeth_%28cropped%29.jpg/150px-Nelson_Mandela_Stadium_in_Port_Elizabeth_%28cropped%29.jpg,Chippa United FC,"['-33.93779205', '25.599408729036078']"
249,Estadio Tomás Adolfo Ducó,48314,South America,Argentina,Buenos Aires,https://upload.wikimedia.org/wikipedia/commons/thumb/3/3c/Estadio_huracan_interior_tribuna_gcba.jpg/150px-Estadio_huracan_interior_tribuna_gcba.jpg,CA Huracán,"['-34.6430476', '-58.3967596592514']"
250,Jinnah Sports Stadium,48200,South Asia,Pakistan,Islamabad,https://upload.wikimedia.org/wikipedia/commons/thumb/1/12/Jinnah_Sports_Stadium_track_and_field.jpg/150px-Jinnah_Sports_Stadium_track_and_field.jpg,Pakistan national football team,"['33.7004059', '73.09286037357924']"
251,Estadio Libertadores de América,48069,South America,Argentina,Avellaneda,https://upload.wikimedia.org/wikipedia/commons/thumb/b/b3/Estadio_Libertadores_de_America_2014.JPG/150px-Estadio_Libertadores_de_America_2014.JPG,Club Atlético Independiente,"['-34.6702227', '-58.37103780889193']"
252,Free State Stadium,48000,Africa,South Africa,"Bloemfontein, Free State",https://upload.wikimedia.org/wikipedia/commons/thumb/9/9e/Free_State_Stadium1.jpg/150px-Free_State_Stadium1.jpg,"Bloemfontein Celtic, Toyota Cheetahs","['-29.117235100000002', '26.20876956700543']"
253,Nagai Stadium,47816,East Asia,Japan,Osaka,https://upload.wikimedia.org/wikipedia/commons/thumb/3/3e/Nagai_stadium20040717.jpg/150px-Nagai_stadium20040717.jpg,"Cerezo Osaka, NTT DoCoMo Red Hurricanes Osaka","['34.61410635', '135.51851097237665']"
254,Neo Química Arena,47605,South America,Brazil,"São Paulo, São Paulo",https://upload.wikimedia.org/wikipedia/commons/thumb/6/64/Corinthians_x_Gr%C3%AAmio_-_Brasileir%C3%A3o_2016.jpg/150px-Corinthians_x_Gr%C3%AAmio_-_Brasileir%C3%A3o_2016.jpg,Corinthians,"['-23.5452934', '-46.474286436433154']"
255,Rogers Centre,47568,North America,Canada,"Toronto, Ontario",https://upload.wikimedia.org/wikipedia/commons/thumb/7/79/Toronto_-_ON_-_Rogers_Centre2.jpg/150px-Toronto_-_ON_-_Rogers_Centre2.jpg,"Toronto FC, Toronto Argonauts","['43.641659849999996', '-79.38919761915824']"
256,Estadio Monumental,47347,South America,Chile,Santiago,https://upload.wikimedia.org/wikipedia/commons/thumb/0/0e/Estadio_Monumental_2009.jpg/150px-Estadio_Monumental_2009.jpg,Colo-Colo,"['-33.50643725', '-70.60594681068619']"
257,Stadio Artemio Franchi,47282,Europe,Italy,Florence,https://upload.wikimedia.org/wikipedia/commons/thumb/a/aa/Soccer_in_Florence%2C_Italy%2C_2007.jpg/150px-Soccer_in_Florence%2C_Italy%2C_2007.jpg,ACF Fiorentina,"['43.32168675', '11.326178967176826']"
258,Estadio Ciudad de Lanús – Néstor Díaz Pérez,47027,South America,Argentina,Lanús,https://upload.wikimedia.org/wikipedia/commons/thumb/1/1e/Editat%C3%B3n_Club_Lan%C3%BAs_-_Instalaciones_%288%29.JPG/150px-Editat%C3%B3n_Club_Lan%C3%BAs_-_Instalaciones_%288%29.JPG,CA Lanús,"['-34.71765845', '-58.38395616411901']"
259,Estadio Metropolitano Roberto Meléndez,46788,South America,Colombia,Barranquilla,https://upload.wikimedia.org/wikipedia/commons/thumb/b/b0/Estadio_Metropolitano_de_Baranquilla_2011.jpg/150px-Estadio_Metropolitano_de_Baranquilla_2011.jpg,"Colombia national football team, Atlético Junior","['10.9269548', '-74.80051110893285']"
260,Estádio Olímpico Nilton Santos,46831,South America,Brazil,"Rio de Janeiro, Rio de Janeiro",https://upload.wikimedia.org/wikipedia/commons/thumb/a/a8/Est%C3%A1dio_Municipal_Jo%C3%A3o_Havelange_14072007.jpg/150px-Est%C3%A1dio_Municipal_Jo%C3%A3o_Havelange_14072007.jpg,Botafogo FR,"['-22.893194', '-43.29356908690929']"
261,Itaipava Arena Pernambuco,46154,South America,Brazil,"São Lourenço da Mata, Pernambuco",https://upload.wikimedia.org/wikipedia/commons/thumb/6/62/Panorama_of_Arena_Pernambuco.jpg/150px-Panorama_of_Arena_Pernambuco.jpg,Náutico,"['-8.04072965', '-35.0082334311598']"
262,Arena MRV,46000,South America,Brazil,"Belo Horizonte, Minas Gerais",https://upload.wikimedia.org/wikipedia/commons/thumb/5/54/Arena_MRV_em_obras_vista_da_Via_Expressa_%28dezembro_de_2022%29.jpg/150px-Arena_MRV_em_obras_vista_da_Via_Expressa_%28dezembro_de_2022%29.jpg,C Atlético Mineiro,"['-19.9300116', '-44.01388130198211']"
263,Estádio Paulo Constantino,45954,South America,Brazil,"Presidente Prudente, São Paulo",https://upload.wikimedia.org/wikipedia/commons/thumb/c/c0/Derby_Paulista_%28Corinthians-Palmeiras%29_Paulist%C3%A3o_2009.jpg/150px-Derby_Paulista_%28Corinthians-Palmeiras%29_Paulist%C3%A3o_2009.jpg,Grêmio Prudente,"['-22.098568', '-51.415062142450765']"
264,Estadio Atanasio Girardot,45739,South America,Colombia,Medellín,https://upload.wikimedia.org/wikipedia/commons/thumb/4/4a/Atanasio_Girardot_Stadium.jpg/150px-Atanasio_Girardot_Stadium.jpg,"Atlético Nacional, Independiente Medellín","['6.2567716', '-75.59016944999999']"
265,Estadio Ramón Sánchez Pizjuán,45500,Europe,Spain,Seville,https://upload.wikimedia.org/wikipedia/commons/thumb/1/17/Sevilla2-1Lega20182.jpg/150px-Sevilla2-1Lega20182.jpg,Sevilla FC,"['37.3840876', '-5.970630902457186']"
266,Adrar Stadium,45480,Africa,Morocco,Agadir,https://upload.wikimedia.org/wikipedia/commons/thumb/5/51/Stade-Adrar2019.png/150px-Stade-Adrar2019.png,Hassania Agadir,"['30.4274409', '-9.54025399460571']"
267,Lukoil Arena,45360,Europe,Russia,Moscow,https://upload.wikimedia.org/wikipedia/commons/thumb/6/62/Match_veteranov_Spartaka_%2813%29.jpg/150px-Match_veteranov_Spartaka_%2813%29.jpg,Spartak Moscow,"['55.81758845', '37.440609927920065']"
268,Grand stade de Marrakech,45240,Africa,Morocco,Marrakesh,https://upload.wikimedia.org/wikipedia/commons/thumb/0/0d/Stade_de_marrakech.jpg/150px-Stade_de_marrakech.jpg,Kawkab Marrakech,"['31.707014299999997', '-7.980359']"
269,Mandela National Stadium,45202,Africa,Uganda,Kampala,https://upload.wikimedia.org/wikipedia/commons/thumb/3/3c/Mandela_National_Stadium%2C_Uganda.JPG/150px-Mandela_National_Stadium%2C_Uganda.JPG,Uganda national football team,"['0.3177137', '32.5813539']"
270,Tarczyński Arena Wrocław,45105,Europe,Poland,Wrocław,https://upload.wikimedia.org/wikipedia/commons/thumb/a/a3/Wroc%C5%82aw_Municipal_Stadium_-_Euro_2012_%28panorama%29.jpg/150px-Wroc%C5%82aw_Municipal_Stadium_-_Euro_2012_%28panorama%29.jpg,Śląsk Wrocław,"['51.141186149999996', '16.943806687526074']"
271,Kazan Arena,45105,Europe,Russia,Kazan,https://upload.wikimedia.org/wikipedia/commons/thumb/5/56/Poland_v._Colombia_%2842095441565%29.jpg/150px-Poland_v._Colombia_%2842095441565%29.jpg,Rubin Kazan,"['55.8209431', '49.1549065']"
272,Estadio Inca Garcilaso de la Vega,45056,South America,Peru,Cusco,https://upload.wikimedia.org/wikipedia/commons/thumb/1/10/Estadio_garcilaso_cienciano.jpg/150px-Estadio_garcilaso_cienciano.jpg,"CS Cienciano, Deportivo Garcilaso, Cusco FC","['-13.5255188', '-71.96647608840082']"
273,Estádio da Machava,45000,Africa,Mozambique,Maputo,https://upload.wikipedia.org/wikipedia/commons/thumb/0/0a/No-image-available.png/480px-No-image-available.png,Mozambique national football team,"['-25.9174099', '32.52637884727005']"
274,Stadion Gelora Bung Tomo,45000,Southeast Asia,Indonesia,"Surabaya, East Java",https://upload.wikipedia.org/wikipedia/commons/thumb/0/0a/No-image-available.png/480px-No-image-available.png,Persebaya Surabaya,"['-7.2230647', '112.622833']"
275,Stadion Harapan Banga,45000,Southeast Asia,Indonesia,"Banda Aceh, Aceh",https://upload.wikipedia.org/wikipedia/commons/thumb/0/0a/No-image-available.png/480px-No-image-available.png,"Persiraja, Aceh United","['5.5528455', '95.3192908']"
276,Estadio General Pablo Rojas,45000,South America,Paraguay,Asunción,https://upload.wikimedia.org/wikipedia/commons/thumb/c/c4/Estadio_General_Pablo_Rojas.jpg/150px-Estadio_General_Pablo_Rojas.jpg,Club Cerro Porteño,"['-25.2999926', '-57.637655818084326']"
277,Stade Mohammed V,45000,Africa,Morocco,Casablanca,https://upload.wikimedia.org/wikipedia/commons/thumb/7/70/Stade_Mohamed_V%2C_Casablanca.jpg/150px-Stade_Mohamed_V%2C_Casablanca.jpg,"Wydad, Raja","['33.5945144', '-7.6200284']"
278,Latakia Sports City Stadium,45000,West Asia,Syria,Latakia,https://upload.wikipedia.org/wikipedia/commons/thumb/0/0a/No-image-available.png/480px-No-image-available.png,,"['35.5200185', '35.7781044']"
279,Zibo Sports Centre Stadium,45000,East Asia,China,"Zibo, Shandong",https://upload.wikipedia.org/wikipedia/commons/thumb/0/0a/No-image-available.png/480px-No-image-available.png,,"['36.8132476', '117.98283842091442']"
280,Weifang Sports Centre Stadium,45000,East Asia,China,"Weifang, Shandong",https://upload.wikipedia.org/wikipedia/commons/thumb/0/0a/No-image-available.png/480px-No-image-available.png,,"['36.729047550000004', '119.06309827876231']"
281,Yantai Sports Park Stadium,45000,East Asia,China,"Yantai, Shandong",https://upload.wikipedia.org/wikipedia/commons/thumb/0/0a/No-image-available.png/480px-No-image-available.png,,"['37.462892', '121.4535599361259']"
282,Stadium Tuanku Abdul Rahman,45000,Southeast Asia,Malaysia,Seremban,https://upload.wikimedia.org/wikipedia/commons/thumb/f/f5/Stadium_Tuanku_Abdul_Rahman%2C_Paroi.jpg/150px-Stadium_Tuanku_Abdul_Rahman%2C_Paroi.jpg,"ATM FA, Negeri Sembilan","['2.72623985', '101.98261766370348']"
283,Stade du Complexe sportif de Fès,45000,Africa,Morocco,Fes,https://upload.wikimedia.org/wikipedia/commons/thumb/1/1c/Complexe_sportif_de_F%C3%A8s.jpg/150px-Complexe_sportif_de_F%C3%A8s.jpg,"Wydad de Fès, Maghreb de Fès","['34.00272', '-4.968961820296855']"
284,Lagos National Stadium,45000,Africa,Nigeria,Lagos,https://upload.wikipedia.org/wikipedia/commons/thumb/0/0a/No-image-available.png/480px-No-image-available.png,Nigeria national football team,"['6.49714245', '3.364988038941034']"
285,Egyptian Army Stadium,45000,Africa,Egypt,Suez,https://upload.wikipedia.org/wikipedia/commons/thumb/0/0a/No-image-available.png/480px-No-image-available.png,,"['29.974498', '32.537086']"
286,Toyota Stadium,45000,East Asia,Japan,"Toyota City, Aichi",https://upload.wikimedia.org/wikipedia/commons/thumb/5/58/JPNxGEO20180623_%283%29.jpg/150px-JPNxGEO20180623_%283%29.jpg,"Nagoya Grampus, Toyota Verblitz","['35.0845879', '137.17087353460715']"
287,Zayed Sports City Stadium,45000,West Asia,United Arab Emirates,Abu Dhabi,https://upload.wikimedia.org/wikipedia/commons/thumb/a/a7/Abu_Dhabi_Zayed_Sports_City_Stadium_2.jpg/150px-Abu_Dhabi_Zayed_Sports_City_Stadium_2.jpg,,"['24.416128649999997', '54.453630022086614']"
288,Red Bull Arena,44345,Europe,Germany,Leipzig,https://upload.wikimedia.org/wikipedia/commons/thumb/c/ca/Leipzig_stadium.jpg/150px-Leipzig_stadium.jpg,RB Leipzig,"['51.34570785', '12.348236086993243']"
289,Estádio Governador Alberto Tavares Silva,44200,South America,Brazil,Teresina,https://upload.wikimedia.org/wikipedia/commons/thumb/9/96/Est%C3%A1dio_Governador_Alberto_Tavares_Silva.jpg/150px-Est%C3%A1dio_Governador_Alberto_Tavares_Silva.jpg,"River AC, EC Flamengo, Piauí EC, SE Tiradentes, Auto EC","['-5.0874608', '-42.8049571']"
290,Estádio Universitário Pedro Pedrossian,44200,South America,Brazil,"Campo Grande, Mato Grosso do Sul",https://upload.wikimedia.org/wikipedia/commons/thumb/f/fa/0253l.jpg/150px-0253l.jpg,"EC Comercial, Operário FC","['-20.4640173', '-54.6162947']"
291,Ulsan Munsu Football Stadium,44102,East Asia,South Korea,Ulsan,https://upload.wikimedia.org/wikipedia/commons/thumb/b/b2/Munsu_20121110_204310_5.jpg/150px-Munsu_20121110_204310_5.jpg,Ulsan HD FC,"['35.53526295', '129.25949485092747']"
292,Arena Pantanal,44097,South America,Brazil,"Cuiabá, Mato Grosso",https://upload.wikimedia.org/wikipedia/commons/thumb/1/1c/Arena_Pantanal.jpg/150px-Arena_Pantanal.jpg,"Cuiabá, Mixto EC","['-15.604064900000001', '-56.12229888998701']"
293,Arena da Amazônia,44000,South America,Brazil,"Manaus, Amazonas",https://upload.wikimedia.org/wikipedia/commons/thumb/4/43/Arena_Amaz%C3%B4nia_Manaus.jpg/150px-Arena_Amaz%C3%B4nia_Manaus.jpg,Nacional FC,"['-3.0831131999999997', '-60.02800518494965']"
294,Suwon World Cup Stadium,43959,East Asia,South Korea,Suwon,https://upload.wikimedia.org/wikipedia/commons/thumb/2/2e/20121003_Suwon_vs_Seoul.jpg/150px-20121003_Suwon_vs_Seoul.jpg,Suwon Samsung Bluewings,"['37.2864084', '127.03680502041217']"
295,Stadion Utama Riau,43923,Southeast Asia,Indonesia,"Pekanbaru, Riau",https://upload.wikimedia.org/wikipedia/commons/thumb/4/4b/Riau_Main_Stadium_%28cropped%29.JPG/150px-Riau_Main_Stadium_%28cropped%29.JPG,PSPS Pekanbaru,"['0.4834884', '101.3899056']"
296,Allianz Parque,43713,South America,Brazil,"São Paulo, São Paulo",https://upload.wikimedia.org/wikipedia/commons/thumb/9/95/Imagens_da_Cidade_de_S%C3%A3o_Paulo_e_Zool%C3%B3gico_da_Capital_Paulista._%2847480340301%29.jpg/150px-Imagens_da_Cidade_de_S%C3%A3o_Paulo_e_Zool%C3%B3gico_da_Capital_Paulista._%2847480340301%29.jpg,SE Palmeiras,"['-23.52749715', '-46.67852807811731']"
297,Shandong Provincial Stadium,43700,East Asia,China,"Jinan, Shandong",https://upload.wikimedia.org/wikipedia/commons/thumb/4/49/SHANGDONGSPORTS.jpg/150px-SHANGDONGSPORTS.jpg,,"['36.64647655', '117.00578462249345']"
298,Polsat Plus Arena Gdańsk,43615,Europe,Poland,Gdańsk,https://upload.wikimedia.org/wikipedia/commons/thumb/1/17/Gda%C5%84sk%2C_Stadion_PGE_Arena_-_fotopolska.eu_%28326975%29.jpg/150px-Gda%C5%84sk%2C_Stadion_PGE_Arena_-_fotopolska.eu_%28326975%29.jpg,Lechia Gdańsk,"['54.38991925', '18.641487035099495']"
299,Estadio Pedro Bidegain,43494,South America,Argentina,Buenos Aires,https://upload.wikimedia.org/wikipedia/commons/thumb/1/10/Platea_Este_Nuevo_Gasometro_1.jpg/150px-Platea_Este_Nuevo_Gasometro_1.jpg,CA San Lorenzo de Almagro,"['-34.6520812', '-58.44004466438956']"
300,Stadion Miejski w Poznaniu,43269,Europe,Poland,Poznań,https://upload.wikimedia.org/wikipedia/commons/thumb/c/c0/Stadion_Miejski_w_Poznaniu_2013_panorama.jpg/150px-Stadion_Miejski_w_Poznaniu_2013_panorama.jpg,"Lech Poznań, Warta Poznań","['52.4082663', '16.9335199']"
301,Vasil Levski National Stadium,43230,Europe,Bulgaria,Sofia,https://upload.wikimedia.org/wikipedia/commons/thumb/9/93/Vasil_Levski_National_Stadium_2022.jpg/150px-Vasil_Levski_National_Stadium_2022.jpg,Bulgaria national football team,"['42.6875707', '23.335243058604338']"
302,Estadio Universidad San Marcos,43000,South America,Peru,Lima,https://upload.wikimedia.org/wikipedia/commons/thumb/0/06/Vista_estadios_san_marcos.jpg/150px-Vista_estadios_san_marcos.jpg,Deportivo Universidad San Marcos,"['-12.0621065', '-77.0365256']"
303,Ullevi,43000,Europe,Sweden,Gothenburg,https://upload.wikimedia.org/wikipedia/commons/thumb/8/8d/Ullevi_stadium%2C_23_june_2018.png/150px-Ullevi_stadium%2C_23_june_2018.png,Sweden women's national football team,"['57.705919699999995', '11.987327598897291']"
304,Jinzhou Binhai Sports Centre Stadium,43000,East Asia,China,Jinzhou,https://upload.wikipedia.org/wikipedia/commons/thumb/0/0a/No-image-available.png/480px-No-image-available.png,,"['40.8723509', '121.06440405311713']"
305,Estadio General Santander,42901,South America,Colombia,Cúcuta,https://upload.wikimedia.org/wikipedia/commons/thumb/4/46/Cucuta704.jpg/150px-Cucuta704.jpg,Cúcuta Deportivo,"['7.894662650000001', '-72.50185252029048']"
306,Villa Park,42682,Europe,England,"Birmingham, West Midlands",https://upload.wikimedia.org/wikipedia/commons/thumb/a/a1/Villa_Stadion_panorama_2016.jpg/150px-Villa_Stadion_panorama_2016.jpg,Aston Villa,"['52.5091264', '-1.8850354312212985']"
307,Perak Stadium,42500,Southeast Asia,Malaysia,Perak,https://upload.wikimedia.org/wikipedia/commons/thumb/d/dc/Perak_Stadium.JPG/150px-Perak_Stadium.JPG,Perak FA,"['4.6094268', '101.10354521874646']"
308,Jeonju World Cup Stadium,42477,East Asia,South Korea,Jeonju,https://upload.wikimedia.org/wikipedia/commons/thumb/7/72/%EC%A0%84%EC%A3%BC%EC%9B%94%EB%93%9C%EC%BB%B5%EA%B2%BD%EA%B8%B0%EC%9E%A5.jpg/150px-%EC%A0%84%EC%A3%BC%EC%9B%94%EB%93%9C%EC%BB%B5%EA%B2%BD%EA%B8%B0%EC%9E%A5.jpg,Jeonbuk Hyundai Motors FC,"['35.867807400000004', '127.06458906981494']"
309,Ligga Arena,42372,South America,Brazil,"Curitiba, Paraná",https://upload.wikimedia.org/wikipedia/commons/thumb/2/20/Arenadabaixada2.jpg/150px-Arenadabaixada2.jpg,Athletico Paranaense,"['-25.44829025', '-49.27693797169357']"
310,Weserstadion,42358,Europe,Germany,Bremen,https://upload.wikimedia.org/wikipedia/commons/thumb/a/a6/Weserstadion_panorama.JPG/150px-Weserstadion_panorama.JPG,SV Werder Bremen,"['53.06644785', '8.83767181513466']"
311,Denka Big Swan Stadium,42300,East Asia,Japan,"Niigata, Niigata",https://upload.wikimedia.org/wikipedia/commons/thumb/f/ff/Bigswan080628.JPG/150px-Bigswan080628.JPG,Albirex Niigata,"['37.88257595', '139.05915840743222']"
312,Estadio Olimpico Metropolitano de Mérida,42200,South America,Venezuela,Mérida,https://upload.wikimedia.org/wikipedia/commons/thumb/1/1f/Metropolitanodemeridacopamerica.jpg/150px-Metropolitanodemeridacopamerica.jpg,Estudiantes de Mérida,"['8.55586575', '-71.21799652527476']"
313,Daejeon World Cup Stadium,42176,East Asia,South Korea,Daejeon,https://upload.wikimedia.org/wikipedia/commons/thumb/7/76/Daejeon_World_Cup_Stadium.JPG/150px-Daejeon_World_Cup_Stadium.JPG,Daejeon Citizen,"['36.36525335', '127.32510742291791']"
314,Matmut ATLANTIQUE,42115,Europe,France,Bordeaux,https://upload.wikimedia.org/wikipedia/commons/thumb/7/7f/500px_photo_%28165733217%29.jpeg/150px-500px_photo_%28165733217%29.jpeg,FC Girondins de Bordeaux,"['44.89735695', '-0.5616058309417205']"
315,Helsingin Olympiastadion,42062,Europe,Finland,Helsinki,https://upload.wikimedia.org/wikipedia/commons/thumb/b/b3/Olympiastadion_2_2020-08-12.jpg/150px-Olympiastadion_2_2020-08-12.jpg,Finland national football team,"['60.1870012', '24.927250936847415']"
316,Estádio Serra Dourada,42000,South America,Brazil,"Goiânia, Goiás",https://upload.wikimedia.org/wikipedia/commons/thumb/3/30/LeandroMoura_EstadioSerraDourada_Goiania_GO_%2840268265714%29.jpg/150px-LeandroMoura_EstadioSerraDourada_Goiania_GO_%2840268265714%29.jpg,"Goiás Esporte Clube, Vila Nova, Atlético Goianiense","['-16.6991028', '-49.23414203670745']"
317,Estadio Deportivo Cali,42000,South America,Colombia,Cali,https://upload.wikimedia.org/wikipedia/commons/thumb/9/9b/SportingCali12.png/150px-SportingCali12.png,Deportivo Cali,"['3.5216810499999998', '-76.41706255864565']"
318,Estadio Modelo Alberto Spencer,42000,South America,Ecuador,Guayaquil,https://upload.wikimedia.org/wikipedia/commons/thumb/b/bf/Estadio_Modelo_Lleno_2007_-_panoramio.jpg/150px-Estadio_Modelo_Lleno_2007_-_panoramio.jpg,"Club Sport Patria, Club Deportivo Everest, Panamá Sporting Club, Rocafuerte Fútbol Club","['-2.1789233', '-79.89435376717735']"
319,Estádio do Zimpeto,42000,Africa,Mozambique,Maputo,https://upload.wikipedia.org/wikipedia/commons/thumb/0/0a/No-image-available.png/480px-No-image-available.png,Mozambique national football team,"['-25.827653650000002', '32.574981115271044']"
320,Chengdu Sports Centre Stadium,42000,East Asia,China,"Chengdu, Sichuan",https://upload.wikimedia.org/wikipedia/commons/thumb/0/02/Chengdu_Sports_Center.JPG/150px-Chengdu_Sports_Center.JPG,,"['30.7001324', '104.0708278']"
321,Royal Bafokeng Stadium,42000,Africa,South Africa,"Phokeng, North West",https://upload.wikimedia.org/wikipedia/commons/thumb/6/67/Royal_Bafokeng_Stadium%2C_Phokeng.jpg/150px-Royal_Bafokeng_Stadium%2C_Phokeng.jpg,,"['-25.57877625', '27.160920449845975']"
322,Estadio Universitario,42000,North America,Mexico,San Nicolás de los Garza,https://upload.wikimedia.org/wikipedia/commons/thumb/0/07/Estadio_Universitario_Concachampions.jpg/150px-Estadio_Universitario_Concachampions.jpg,Tigres de la UANL,"['25.722606650000003', '-100.31198629307636']"
323,Estadio Brigadier General Estanislao López,42000,South America,Argentina,Santa Fe,https://upload.wikimedia.org/wikipedia/commons/thumb/5/59/Estadio_Brigadier_General_Estanislao_L%C3%B3pez_-_Col%C3%B3n_de_Santa_Fe.jpg/150px-Estadio_Brigadier_General_Estanislao_L%C3%B3pez_-_Col%C3%B3n_de_Santa_Fe.jpg,Club Atlético Colón,"['-31.6632166', '-60.72524645483088']"
324,Estadio Marcelo Bielsa,42000,South America,Argentina,Rosario,https://upload.wikimedia.org/wikipedia/commons/thumb/2/23/Estadio_Marcelo_Bielsa.jpg/150px-Estadio_Marcelo_Bielsa.jpg,Newell's Old Boys,"['-32.9561671', '-60.66137086404959']"
325,Stade Geoffroy-Guichard,41965,Europe,France,Saint-Étienne,https://upload.wikimedia.org/wikipedia/commons/thumb/9/99/St_Etienne_Stade_Geoffroy_Guichard.jpg/150px-St_Etienne_Stade_Geoffroy_Guichard.jpg,AS Saint-Étienne,"['45.46075665', '4.390093207379497']"
326,Vodafone Park,41903,Europe,Turkey,Istanbul,https://upload.wikimedia.org/wikipedia/commons/thumb/9/94/Vodafone_Park_Panorama.jpg/150px-Vodafone_Park_Panorama.jpg,Beşiktaş J.K.,"['45.7581012', '8.5578947']"
327,Peter Mokaba Stadium,41733,Africa,South Africa,Polokwane,https://upload.wikimedia.org/wikipedia/commons/thumb/c/cd/Teams_are_warming_up_%284738980575%29.jpg/150px-Teams_are_warming_up_%284738980575%29.jpg,Polokwane City FC,"['-23.92480585', '29.467960090979837']"
328,Estadio Gigante de Arroyito,41654,South America,Argentina,Rosario,https://upload.wikimedia.org/wikipedia/commons/thumb/6/66/Estadio_Gigante_de_Arroyito.jpg/150px-Estadio_Gigante_de_Arroyito.jpg,Rosario Central,"['-32.91402295', '-60.67449898772189']"
329,Estadio Cachamay,41600,South America,Venezuela,Ciudad Guayana,https://upload.wikimedia.org/wikipedia/en/thumb/a/a0/CTE_Chamay_Aereo_Cut.jpg/150px-CTE_Chamay_Aereo_Cut.jpg,"Atlético Club Mineros de Guayana, AC Minervén FC","['8.3126855', '-62.69633953138717']"
330,Estadio de Liga Deportiva Universitaria,41596,South America,Ecuador,Quito,https://upload.wikimedia.org/wikipedia/commons/thumb/f/f6/Cl%C3%A1sico_Liga_de_Quito-Barcelona_de_Guayaquil.JPG/150px-Cl%C3%A1sico_Liga_de_Quito-Barcelona_de_Guayaquil.JPG,LDU,"['-0.1077231', '-78.48907681031837']"
331,Allianz Stadium,41507,Europe,Italy,"Turin, Piedmont",https://upload.wikimedia.org/wikipedia/commons/thumb/0/0e/Juventus_Stadium_in_Turin_-_Champions_League_2013-14_-_Juventus_v_Real_Madrid.jpg/150px-Juventus_Stadium_in_Turin_-_Champions_League_2013-14_-_Juventus_v_Real_Madrid.jpg,Juventus FC,"['45.10957585', '7.642133800336913']"
332,Sapporo Dome,41484,East Asia,Japan,"Sapporo, Hokkaido",https://upload.wikimedia.org/wikipedia/commons/thumb/f/f1/Sapporo_Dome_001.jpeg/150px-Sapporo_Dome_001.jpeg,Hokkaido Consadole Sapporo,"['43.0147798', '141.40974344269986']"
333,Stamford Bridge,41663,Europe,England,London,https://upload.wikimedia.org/wikipedia/commons/thumb/b/b1/Stamford_Bridge%2C_Chelsea_vs_Nottingham_Forest%2C_5_January_2020.jpg/150px-Stamford_Bridge%2C_Chelsea_vs_Nottingham_Forest%2C_5_January_2020.jpg,Chelsea,"['51.481686499999995', '-0.19103517666346065']"
334,Goyang Stadium,41311,East Asia,South Korea,Goyang,https://upload.wikimedia.org/wikipedia/commons/thumb/e/e1/Goyang_sta_1.JPG/150px-Goyang_sta_1.JPG,,"['37.676484900000005', '126.74315379396498']"
335,Estadio Hernando Siles,41143,South America,Bolivia,La Paz,https://upload.wikimedia.org/wikipedia/commons/thumb/9/9d/Hernando_Siles_Stadium_-_La_Paz.jpg/150px-Hernando_Siles_Stadium_-_La_Paz.jpg,"La Paz FC, Club Bolívar, The Strongest","['-16.4994503', '-68.12285323599266']"
336,Bingu National Stadium,41100,Africa,Malawi,Lilongwe,https://upload.wikimedia.org/wikipedia/commons/thumb/e/ea/BINGU_NATIONAL_STADIUM.jpg/150px-BINGU_NATIONAL_STADIUM.jpg,"Flames, Big Bullets FC","['-13.9438618', '33.75319690123182']"
337,Mbombela Stadium,40929,Africa,South Africa,"Nelspruit, Mpumalanga",https://upload.wikimedia.org/wikipedia/commons/thumb/2/26/Mbombela_Stadium_arena.jpg/150px-Mbombela_Stadium_arena.jpg,,"['-25.4617294', '30.92968989749547']"
338,Estadio José Pachencho Romero,40800,South America,Venezuela,Maracaibo,https://upload.wikimedia.org/wikipedia/commons/thumb/3/38/JPPachenchoRomero-16.jpg/150px-JPPachenchoRomero-16.jpg,"Deportivo JBL del Zulia, Deportivo Rayo Zuliano","['10.6740483', '-71.64499904903353']"
339,Stade Nelson Mandela,40784,Africa,Algeria,Algiers,https://upload.wikimedia.org/wikipedia/commons/thumb/1/12/Nelson_Mandela_Stadium.jpg/150px-Nelson_Mandela_Stadium.jpg,Algeria national football team,"['36.69394285', '3.1220307427342995']"
340,Kashima Football Stadium,40728,East Asia,Japan,"Kashima, Ibaraki",https://upload.wikimedia.org/wikipedia/commons/thumb/b/bc/Kashima_Soccer_Stadium_5.jpg/150px-Kashima_Soccer_Stadium_5.jpg,Kashima Antlers,"['35.9920049', '140.64036786659403']"
341,Baba Yara Stadium,40528,Africa,Ghana,Kumasi,https://upload.wikimedia.org/wikipedia/commons/thumb/a/a3/Kumasi924.JPG/150px-Kumasi924.JPG,"Asante Kotoko, King Faisal Babes","['6.68217', '-1.6050641735932292']"
342,Estádio Major Antônio Couto Pereira,40502,South America,Brazil,"Curitiba, Paraná",https://upload.wikimedia.org/wikipedia/commons/thumb/7/72/Est%C3%A1dio_Couto_Pereira.jpg/150px-Est%C3%A1dio_Couto_Pereira.jpg,Coritiba Foot Ball Club,"['-25.421437599999997', '-49.25975668262751']"
343,Stage Front Stadium,40500,Europe,Spain,Barcelona,https://upload.wikimedia.org/wikipedia/commons/thumb/b/b6/Estadicornellaelprat_1.jpg/150px-Estadicornellaelprat_1.jpg,RCD Espanyol,"['41.347806899999995', '2.074801953310624']"
344,Estadio Metropolitano de fútbol de Lara,40312,South America,Venezuela,Barquisimeto,https://upload.wikimedia.org/wikipedia/commons/thumb/1/15/Estadio_Metropolitano_de_Lara.jpg/150px-Estadio_Metropolitano_de_Lara.jpg,Unión Lara,"['10.0774374', '-69.3222293']"
345,Estadio Malvinas Argentinas,40268,South America,Argentina,Mendoza,https://upload.wikimedia.org/wikipedia/commons/thumb/7/7b/Estadio_Malvinas_Argentinas_2012.jpg/150px-Estadio_Malvinas_Argentinas_2012.jpg,Godoy Cruz Antonio Tomba,"['-32.8896213', '-68.87990046530734']"
346,Stadion Lukas Enembe,40263,Southeast Asia,Indonesia,Nolokla,https://upload.wikimedia.org/wikipedia/commons/thumb/8/87/Lukas_Enembe_Stadium.jpg/150px-Lukas_Enembe_Stadium.jpg,Persipura Jayapura,"['-2.5789948000000003', '140.57348337584483']"
347,Gwangju World Cup Stadium,40245,East Asia,South Korea,Gwangju,https://upload.wikimedia.org/wikipedia/commons/thumb/7/73/Gwangju_World_Cup_Stadium.jpg/150px-Gwangju_World_Cup_Stadium.jpg,Gwangju FC,"['35.133695', '126.87498720743578']"
348,Sân vận động Quốc gia Mỹ Đình,40192,Southeast Asia,Vietnam,Hanoi,https://upload.wikimedia.org/wikipedia/commons/thumb/3/39/Kh%C3%A1n_%C4%91%C3%A0i_B_-_S%C3%A2n_v%E1%BA%ADn_%C4%91%E1%BB%99ng_Qu%E1%BB%91c_gia_M%E1%BB%B9_%C4%90%C3%ACnh.jpg/150px-Kh%C3%A1n_%C4%91%C3%A0i_B_-_S%C3%A2n_v%E1%BA%ADn_%C4%91%E1%BB%99ng_Qu%E1%BB%91c_gia_M%E1%BB%B9_%C4%90%C3%ACnh.jpg,Vietnam national football team,"['21.02050265', '105.76392711668353']"
349,Goodison Park,40157,Europe,England,"Liverpool, North West",https://upload.wikimedia.org/wikipedia/commons/thumb/b/b9/Goodison_Park_August_2022.jpg/150px-Goodison_Park_August_2022.jpg,Everton FC,"['53.43868975', '-2.9664192834741883']"
350,Estádio Governador João Castelo,40149,South America,Brazil,"São Luís, Maranhão",https://upload.wikimedia.org/wikipedia/commons/thumb/d/d0/Est%C3%A1dio_Castel%C3%A3o_em_S%C3%A3o_Lu%C3%ADs%2C_Maranh%C3%A3o%2C_Brasil.jpg/150px-Est%C3%A1dio_Castel%C3%A3o_em_S%C3%A3o_Lu%C3%ADs%2C_Maranh%C3%A3o%2C_Brasil.jpg,"Sampaio Corrêa FC, Moto Club SL, Maranhão AC","['-2.5295265', '-44.2963942']"
351,Stade Miloud-Hadefi,40143,Africa,Algeria,Oran,https://upload.wikimedia.org/wikipedia/commons/thumb/e/e5/Stade_de_Oran.jpg/150px-Stade_de_Oran.jpg,"Algeria national football team, MC Oran","['35.728531149999995', '-0.5494977814500405']"
352,Estadio Campeón del Siglo,40005,South America,Uruguay,Montevideo,https://upload.wikimedia.org/wikipedia/commons/thumb/8/87/Estadio_Campe%C3%B3n_del_Siglo_setiembre_2021.jpg/150px-Estadio_Campe%C3%B3n_del_Siglo_setiembre_2021.jpg,Club Atlético Peñarol,"['-34.79792835', '-56.066255237984066']"
353,Metalist Stadium,40003,Europe,Ukraine,Kharkiv,https://upload.wikimedia.org/wikipedia/commons/thumb/8/84/Metalist_Stadium_Kharkiv.jpg/150px-Metalist_Stadium_Kharkiv.jpg,"FC Metalist Kharkiv, FC Shakhtar Donetsk","['49.980863', '36.26157596317647']"
354,Al-Janoub Stadium,40000,West Asia,Qatar,Al-Wakrah,https://upload.wikimedia.org/wikipedia/commons/thumb/5/57/Visita_ao_est%C3%A1dio_de_futebol_Al_Janoub_1.jpg/150px-Visita_ao_est%C3%A1dio_de_futebol_Al_Janoub_1.jpg,,"['25.15970785', '51.57422710207068']"
355,Al-Thumama Stadium,40000,West Asia,Qatar,Al-Thumama,https://upload.wikimedia.org/wikipedia/en/thumb/d/d6/Al_Thumama_Stadium_%282%29.jpg/150px-Al_Thumama_Stadium_%282%29.jpg,,"['25.2353106', '51.53291524919637']"
356,Stade Ahmed-Zabana,40000,Africa,Algeria,Oran,https://upload.wikimedia.org/wikipedia/commons/thumb/6/6a/Stade_Ahmed_Zabana_2.jpg/150px-Stade_Ahmed_Zabana_2.jpg,MC Oran,"['35.683357', '-0.6365156098334046']"
357,Stadion Batakan,40000,Southeast Asia,Indonesia,"Balikpapan, East Kalimantan",https://upload.wikimedia.org/wikipedia/commons/thumb/d/d8/2017-11-14_Batakan.jpg/150px-2017-11-14_Batakan.jpg,Persiba Balikpapan,"['-1.2398711', '116.8593379']"
358,Stadion Gelora Joko Samudro,40000,Southeast Asia,Indonesia,"Gresik, East Java",https://upload.wikimedia.org/wikipedia/commons/thumb/4/48/Gelora_Joko_Samudro_Stadium_%282016%29.jpg/150px-Gelora_Joko_Samudro_Stadium_%282016%29.jpg,Gresik United,"['-5.79334655', '112.6598223201143']"
359,Fisht Olympic Stadium,40000,Europe,Russia,Sochi,https://upload.wikimedia.org/wikipedia/commons/thumb/e/e4/2017_Confederation_Cup_-_MEXNZL_-_Fisht.jpg/150px-2017_Confederation_Cup_-_MEXNZL_-_Fisht.jpg,,"['43.5854823', '39.723109']"
360,Rentschler Field,40000,North America,United States,"East Hartford, Connecticut",https://upload.wikimedia.org/wikipedia/commons/thumb/c/cc/Rentschler_Field_2017.jpg/150px-Rentschler_Field_2017.jpg,,"['41.7596149', '-72.61883690516794']"
361,Jawaharlal Nehru Stadium,40000,South Asia,India,Kochi,https://upload.wikimedia.org/wikipedia/commons/thumb/8/83/Jawaharlal_Nehru_Stadium_%28Kochi%29_in_2022.jpg/150px-Jawaharlal_Nehru_Stadium_%28Kochi%29_in_2022.jpg,"Kerala Blasters, India national football team","['9.9674277', '76.2454436']"
362,Hang Jebat Stadium,40000,Southeast Asia,Malaysia,Malacca,https://upload.wikimedia.org/wikipedia/commons/thumb/2/20/Stadium_Hang_Jebat_015342.jpg/150px-Stadium_Hang_Jebat_015342.jpg,Melaka United,"['2.2885304499999997', '102.23303172084889']"
363,Hong Kong Stadium,40000,East Asia,Hong Kong,So Kon Po,https://upload.wikimedia.org/wikipedia/commons/thumb/d/db/Hong_Kong_Stadium-1.jpg/150px-Hong_Kong_Stadium-1.jpg,South China AA,"['22.27314255', '114.18865230926363']"
364,Stadium Negeri Pulau Pinang,40000,Southeast Asia,Malaysia,Batu Kawan,https://upload.wikimedia.org/wikipedia/commons/thumb/9/94/Batu_Kawan_Stadium%2CPenang.jpg/150px-Batu_Kawan_Stadium%2CPenang.jpg,Penang FA,"['5.2614822', '100.43635413469647']"
365,Accra Sports Stadium,40000,Africa,Ghana,Accra,https://upload.wikipedia.org/wikipedia/commons/thumb/0/0a/No-image-available.png/480px-No-image-available.png,"Accra Hearts of Oak SC, Great Olympics","['5.5515153', '-0.192335142020282']"
366,Sarawak Stadium,40000,Southeast Asia,Malaysia,Kuching,https://upload.wikimedia.org/wikipedia/commons/thumb/0/07/Stadium_Sarawak.JPG/150px-Stadium_Sarawak.JPG,Sarawak FA,"['1.5885232500000002', '110.35934363025754']"
367,Bogyoke Aung San Stadium,40000,Southeast Asia,Myanmar,Yangon,https://upload.wikimedia.org/wikipedia/commons/thumb/1/17/Aungsan_Stadium.jpg/150px-Aungsan_Stadium.jpg,Yangon United FC,"['16.7838408', '96.16062291549233']"
368,Resonac Dome Ōita,40000,East Asia,Japan,Ōita,https://upload.wikimedia.org/wikipedia/commons/thumb/1/17/%C5%8Cita_Stadium_2023-03.jpg/150px-%C5%8Cita_Stadium_2023-03.jpg,Ōita Trinita,"['33.2007159', '131.65749200362785']"
369,Stadium Darul Makmur,40000,Southeast Asia,Malaysia,Kuantan,https://upload.wikimedia.org/wikipedia/commons/thumb/d/d9/Stadium_Pahang.jpg/150px-Stadium_Pahang.jpg,Pahang FA,"['3.8153887500000003', '103.32366081145281']"
370,Khalifa International Stadium,40000,West Asia,Qatar,Doha,https://upload.wikimedia.org/wikipedia/en/thumb/1/16/Khalifa_International_Stadium.jpg/150px-Khalifa_International_Stadium.jpg,Qatar national football team,"['25.26365305', '51.44922446578208']"
371,Stade de l’Amitié sino-gabonaise,40000,Africa,Gabon,Libreville,https://upload.wikipedia.org/wikipedia/commons/thumb/0/0a/No-image-available.png/480px-No-image-available.png,Gabon national football team,"['0.5218802', '9.392935904996314']"
372,Peoples Football Stadium,40000,South Asia,Pakistan,Karachi,https://upload.wikipedia.org/wikipedia/commons/thumb/0/0a/No-image-available.png/480px-No-image-available.png,Pakistan national football team,"['24.8582424', '66.9875836']"
373,JRD Tata Sports Complex Stadium,40000,South Asia,India,Jamshedpur,https://upload.wikimedia.org/wikipedia/commons/thumb/4/4e/J.R.D._Tata_Stadium.jpg/150px-J.R.D._Tata_Stadium.jpg,"Jamshedpur FC, Tata Football Academy","['22.80602985', '86.19352970848112']"
374,Bao'an Stadium,40000,East Asia,China,"Shenzhen, Guangdong",https://upload.wikimedia.org/wikipedia/commons/thumb/9/91/Bao%27an_Stadium.jpg/150px-Bao%27an_Stadium.jpg,,"['22.5632358', '113.8764671']"
375,Kunming Tuodong Sports Centre Stadium,40000,East Asia,China,"Kunming, Yunnan",https://upload.wikimedia.org/wikipedia/commons/thumb/7/79/Kunming_07.JPG/150px-Kunming_07.JPG,China national football team,"['25.0363006', '102.7086139']"
376,Taizhou Sports Centre Stadium,40000,East Asia,China,"Taizhou, Zhejiang",https://upload.wikipedia.org/wikipedia/commons/thumb/0/0a/No-image-available.png/480px-No-image-available.png,,"['28.6496194', '121.39537897875175']"
377,Wuhu Olympic Stadium,40000,East Asia,China,"Wuhu, Anhui",https://upload.wikipedia.org/wikipedia/commons/thumb/0/0a/No-image-available.png/480px-No-image-available.png,,"['31.1800568', '118.2141777']"
378,Huizhou Olympic Stadium,40000,East Asia,China,"Huizhou, Guangdong",https://upload.wikipedia.org/wikipedia/commons/thumb/0/0a/No-image-available.png/480px-No-image-available.png,,"['23.03555805', '114.44152011468373']"
